# timestamp(s) tx ty tz qx qy qz qw Pr11 Pr12 Pr13 Pr22 Pr23 Pr33 Pt11 Pt12 Pt13 Pt22 Pt23 Pt33
1706797402.47141 -0.071938 -0.028069 0.416293 0.004170 0.030285 0.082877 0.996091 0.0001192978 0.0000252374 0.0000321244 0.0001530360 -0.0000317120 0.0005212195 0.0027699674 0.0000590934 -0.0000469337 0.0026418818 0.0000174367 0.0029331659
1706797402.53983 -0.086578 -0.021838 0.486640 0.008743 0.026310 0.096621 0.994935 0.0000281430 0.0000061966 -0.0000108432 0.0000464247 0.0000032346 0.0004217112 0.0027173067 0.0000568857 -0.0000385573 0.0026057761 0.0000163190 0.0029107275
1706797402.60676 -0.092242 -0.020143 0.551087 0.008915 0.027339 0.109444 0.993577 0.0000257535 0.0000056455 -0.0000083224 0.0000439521 0.0000086269 0.0004161887 0.0027089260 0.0000431744 -0.0000458090 0.0025977633 0.0000046759 0.0028972862
1706797402.67358 -0.101132 -0.022974 0.606647 0.009497 0.027989 0.122934 0.991975 0.0000233394 0.0000053455 -0.0000088462 0.0000398314 0.0000087710 0.0004155880 0.0027166195 0.0000437911 -0.0000522551 0.0026055052 -0.0000016483 0.0028937921
1706797402.74013 -0.109118 -0.027309 0.656774 0.010053 0.029077 0.136779 0.990124 0.0000190244 0.0000040431 -0.0000113739 0.0000325068 0.0000095025 0.0004137835 0.0027101283 0.0000398158 -0.0000582264 0.0026097040 -0.0000070780 0.0028461626
1706797402.80696 -0.109729 -0.025072 0.702098 0.009665 0.029517 0.149100 0.988334 0.0000157516 0.0000033599 -0.0000141377 0.0000266986 0.0000112502 0.0004119603 0.0026968638 0.0000337056 -0.0000571536 0.0026122692 -0.0000113301 0.0028141463
1706797402.87329 -0.119361 -0.030050 0.746253 0.009797 0.029694 0.162839 0.986157 0.0000128984 0.0000028176 -0.0000166730 0.0000202194 0.0000124495 0.0004088908 0.0026799663 0.0000247013 -0.0000529736 0.0026070461 -0.0000117617 0.0027779883
1706797402.93980 -0.128149 -0.032546 0.783583 0.008709 0.029735 0.175816 0.983935 0.0000114172 0.0000021560 -0.0000180798 0.0000171551 0.0000124627 0.0004081276 0.0026738867 0.0000237116 -0.0000522261 0.0026115440 -0.0000135813 0.0027653114
1706797403.00624 -0.128772 -0.032203 0.808784 0.006836 0.030525 0.187054 0.981852 0.0000096453 0.0000005117 -0.0000203586 0.0000121893 0.0000109929 0.0004069443 0.0026401064 0.0000222469 -0.0000478759 0.0026146563 -0.0000179559 0.0027307475
1706797403.07247 -0.145255 -0.035284 0.832489 0.006486 0.031748 0.196821 0.979904 0.0000089260 0.0000001889 -0.0000220186 0.0000100527 0.0000103736 0.0004059092 0.0026356808 0.0000221149 -0.0000433332 0.0026158900 -0.0000196612 0.0027110852
1706797403.13970 -0.147890 -0.035680 0.852983 0.005832 0.032558 0.203212 0.978576 0.0000085337 0.0000000644 -0.0000230294 0.0000089784 0.0000105609 0.0004050194 0.0026362149 0.0000213143 -0.0000411582 0.0026184425 -0.0000199180 0.0026971692
1706797403.20690 -0.147765 -0.035026 0.864024 0.005202 0.032760 0.208026 0.977561 0.0000081183 -0.0000000835 -0.0000239829 0.0000078476 0.0000103487 0.0004042792 0.0026358706 0.0000195385 -0.0000391272 0.0026164440 -0.0000172389 0.0026844960
1706797403.27353 -0.151402 -0.035789 0.874321 0.003723 0.033187 0.212201 0.976655 0.0000078150 -0.0000001578 -0.0000244358 0.0000070265 0.0000089963 0.0004039543 0.0026344148 0.0000183233 -0.0000373627 0.0026153519 -0.0000156212 0.0026756285
1706797403.34002 -0.147876 -0.031928 0.873267 0.003128 0.032702 0.214523 0.976166 0.0000074819 -0.0000002557 -0.0000250743 0.0000063731 0.0000087565 0.0004035472 0.0026272348 0.0000157613 -0.0000328730 0.0026132826 -0.0000128106 0.0026640010
1706797403.40695 -0.151235 -0.033263 0.881678 0.002433 0.033360 0.216119 0.975794 0.0000070559 -0.0000002851 -0.0000251690 0.0000057487 0.0000080120 0.0004029094 0.0026164234 0.0000110009 -0.0000259078 0.0026066247 -0.0000079775 0.0026486734
1706797403.47404 -0.150806 -0.033327 0.888751 0.001940 0.034208 0.216345 0.975715 0.0000069199 -0.0000003028 -0.0000257739 0.0000054569 0.0000078367 0.0004025918 0.0026127315 0.0000091776 -0.0000233653 0.0026053443 -0.0000067202 0.0026450544
1706797403.54170 -0.153360 -0.036380 0.897428 0.001371 0.034341 0.215927 0.975805 0.0000067840 -0.0000002962 -0.0000259750 0.0000052030 0.0000073132 0.0004023220 0.0026099036 0.0000082135 -0.0000214289 0.0026034715 -0.0000061030 0.0026427918
1706797403.60929 -0.154323 -0.038830 0.904172 0.000558 0.034281 0.214810 0.976054 0.0000066775 -0.0000002856 -0.0000261238 0.0000049958 0.0000067023 0.0004021665 0.0026076429 0.0000073116 -0.0000199315 0.0026023788 -0.0000058714 0.0026414810
1706797403.67690 -0.154238 -0.040303 0.909912 -0.000347 0.033943 0.213266 0.976404 0.0000065468 -0.0000002516 -0.0000261488 0.0000047814 0.0000058832 0.0004020378 0.0026052101 0.0000064380 -0.0000183098 0.0026008913 -0.0000058006 0.0026400172
1706797403.74451 -0.154407 -0.041578 0.915873 -0.000678 0.033379 0.211603 0.976785 0.0000063029 -0.0000002656 -0.0000255884 0.0000045087 0.0000054659 0.0004017431 0.0026024064 0.0000053671 -0.0000164999 0.0025976020 -0.0000055297 0.0026368304
1706797403.81209 -0.154850 -0.043708 0.921461 -0.001508 0.032494 0.209992 0.977162 0.0000060947 -0.0000002055 -0.0000249543 0.0000043510 0.0000047308 0.0004016516 0.0025998253 0.0000047071 -0.0000149732 0.0025959938 -0.0000058519 0.0026351015
1706797403.87887 -0.154216 -0.046927 0.923370 -0.001122 0.032679 0.208065 0.977568 0.0000060314 -0.0000002561 -0.0000253294 0.0000042313 0.0000052960 0.0004013545 0.0025971303 0.0000040833 -0.0000131804 0.0025945895 -0.0000061263 0.0026326576
1706797403.94539 -0.153603 -0.047308 0.929902 -0.001754 0.032593 0.205856 0.978038 0.0000059012 -0.0000001645 -0.0000251972 0.0000040852 0.0000042178 0.0004011847 0.0025944320 0.0000032337 -0.0000118007 0.0025928664 -0.0000064653 0.0026310641
1706797404.01301 -0.151693 -0.049463 0.929743 -0.002087 0.031482 0.204051 0.978452 0.0000057092 -0.0000001372 -0.0000244724 0.0000039607 0.0000039876 0.0004011752 0.0025916166 0.0000026123 -0.0000101807 0.0025910808 -0.0000068987 0.0026285085
1706797404.08065 -0.149248 -0.051098 0.930428 -0.003542 0.028980 0.201943 0.978962 0.0000054132 -0.0000000226 -0.0000228182 0.0000038217 0.0000022829 0.0004012934 0.0025888736 0.0000017760 -0.0000087398 0.0025889719 -0.0000072421 0.0026261194
1706797404.14826 -0.146556 -0.052636 0.930672 -0.003888 0.027480 0.199606 0.979483 0.0000052118 0.0000000169 -0.0000217923 0.0000037088 0.0000016911 0.0004013091 0.0025862173 0.0000010008 -0.0000072025 0.0025869298 -0.0000075171 0.0026233844
1706797404.21595 -0.143719 -0.053514 0.930690 -0.004389 0.026160 0.197317 0.979981 0.0000050372 0.0000000636 -0.0000208671 0.0000036170 0.0000009712 0.0004013030 0.0025836987 0.0000002417 -0.0000056799 0.0025849269 -0.0000076910 0.0026205325
1706797404.28355 -0.140807 -0.053703 0.930540 -0.004916 0.025425 0.194810 0.980499 0.0000049141 0.0000000989 -0.0000203544 0.0000035325 0.0000003335 0.0004012588 0.0025813028 -0.0000004690 -0.0000041448 0.0025829837 -0.0000077828 0.0026172812
1706797404.35114 -0.138163 -0.053460 0.930505 -0.005134 0.024571 0.192225 0.981030 0.0000047840 0.0000001186 -0.0000196946 0.0000034573 -0.0000000577 0.0004012243 0.0025790656 -0.0000011293 -0.0000026267 0.0025810747 -0.0000077967 0.0026137971
1706797404.41866 -0.135438 -0.052988 0.928405 -0.005236 0.023731 0.189624 0.981556 0.0000046647 0.0000001265 -0.0000190729 0.0000033930 -0.0000002547 0.0004011900 0.0025770010 -0.0000017493 -0.0000011738 0.0025792077 -0.0000077363 0.0026102131
1706797404.48579 -0.132520 -0.051194 0.926528 -0.004590 0.023508 0.186916 0.982084 0.0000045774 0.0000001070 -0.0000187006 0.0000033392 0.0000001462 0.0004011314 0.0025751206 -0.0000023120 0.0000001456 0.0025773801 -0.0000075719 0.0026069135
1706797404.55231 -0.130157 -0.049814 0.924040 -0.004888 0.022881 0.184221 0.982606 0.0000044919 0.0000001172 -0.0000183411 0.0000032779 -0.0000002662 0.0004010454 0.0025733508 -0.0000028068 0.0000013366 0.0025755700 -0.0000073340 0.0026031779
1706797404.61890 -0.127528 -0.047409 0.923884 -0.004666 0.022596 0.181584 0.983105 0.0000044270 0.0000001213 -0.0000180875 0.0000032445 -0.0000003325 0.0004009882 0.0025717660 -0.0000032831 0.0000024140 0.0025738457 -0.0000069939 0.0025998881
1706797404.68557 -0.125068 -0.045592 0.921960 -0.004852 0.022356 0.178861 0.983608 0.0000043911 0.0000001333 -0.0000180785 0.0000032203 -0.0000005345 0.0004009218 0.0025702857 -0.0000036925 0.0000034026 0.0025721661 -0.0000066399 0.0025965272
1706797404.75214 -0.122754 -0.043298 0.920298 -0.004018 0.022081 0.176415 0.984060 0.0000043238 0.0000001083 -0.0000177077 0.0000031936 0.0000000060 0.0004008935 0.0025689270 -0.0000041145 0.0000043346 0.0025705338 -0.0000062554 0.0025931418
1706797404.81867 -0.120616 -0.041471 0.918083 -0.003866 0.021720 0.174341 0.984438 0.0000042730 0.0000001092 -0.0000174645 0.0000031712 0.0000000102 0.0004008749 0.0025676688 -0.0000045074 0.0000051657 0.0025689746 -0.0000058765 0.0025898292
1706797404.88519 -0.118813 -0.039684 0.916333 -0.003618 0.021569 0.172528 0.984762 0.0000042318 0.0000001040 -0.0000173175 0.0000031501 0.0000001211 0.0004008466 0.0025665236 -0.0000049109 0.0000058980 0.0025674803 -0.0000054415 0.0025865926
1706797404.95179 -0.117536 -0.037666 0.915513 -0.003050 0.021367 0.171072 0.985022 0.0000041723 0.0000000840 -0.0000169498 0.0000031344 0.0000005704 0.0004008332 0.0025654742 -0.0000052926 0.0000065344 0.0025660621 -0.0000049840 0.0025836091
1706797405.01852 -0.116473 -0.035137 0.912293 -0.003180 0.022661 0.169937 0.985189 0.0000042458 0.0000000765 -0.0000180701 0.0000031229 0.0000006852 0.0004006889 0.0025644958 -0.0000056238 0.0000070462 0.0025647276 -0.0000044399 0.0025808235
1706797405.08514 -0.115346 -0.032969 0.910286 -0.003129 0.022647 0.168946 0.985360 0.0000042147 0.0000000769 -0.0000180049 0.0000031092 0.0000006534 0.0004006597 0.0025635844 -0.0000058812 0.0000074555 0.0025634606 -0.0000039482 0.0025782052
1706797405.15167 -0.115214 -0.030475 0.905584 -0.003088 0.022779 0.167987 0.985521 0.0000042076 0.0000000681 -0.0000181996 0.0000030968 0.0000007802 0.0004006033 0.0025627731 -0.0000061157 0.0000078141 0.0025623045 -0.0000034220 0.0025755720
1706797405.21838 -0.115465 -0.029217 0.903717 -0.002659 0.022613 0.167177 0.985664 0.0000041669 0.0000000606 -0.0000180189 0.0000030855 0.0000009209 0.0004005758 0.0025620169 -0.0000062949 0.0000081052 0.0025613212 -0.0000029563 0.0025732802
1706797405.28500 -0.116062 -0.027535 0.901783 -0.001992 0.023264 0.166559 0.985755 0.0000041846 0.0000000291 -0.0000184603 0.0000030779 0.0000015206 0.0004004953 0.0025613740 -0.0000064942 0.0000083659 0.0025604508 -0.0000024970 0.0025710083
1706797405.35158 -0.116707 -0.025300 0.899078 -0.001549 0.023765 0.166456 0.985761 0.0000041879 0.0000000001 -0.0000187768 0.0000030673 0.0000019616 0.0004004200 0.0025607679 -0.0000066319 0.0000085459 0.0025596193 -0.0000020520 0.0025687458
1706797405.41812 -0.117423 -0.022972 0.897441 -0.001642 0.023926 0.166770 0.985704 0.0000041750 -0.0000000016 -0.0000188507 0.0000030587 0.0000019256 0.0004003789 0.0025602144 -0.0000067188 0.0000087016 0.0025588685 -0.0000016192 0.0025667555
1706797405.48472 -0.118202 -0.020581 0.895690 -0.001409 0.024370 0.167486 0.985572 0.0000041894 -0.0000000160 -0.0000191983 0.0000030513 0.0000021380 0.0004003191 0.0025597286 -0.0000067740 0.0000088104 0.0025581895 -0.0000012561 0.0025648683
1706797405.55134 -0.119445 -0.018895 0.893273 -0.000756 0.024796 0.168144 0.985450 0.0000042019 -0.0000000491 -0.0000195155 0.0000030487 0.0000027395 0.0004002581 0.0025593044 -0.0000067946 0.0000089038 0.0025575844 -0.0000009525 0.0025631280
1706797405.61790 -0.120959 -0.018058 0.891719 -0.000483 0.025251 0.168964 0.985299 0.0000042143 -0.0000000680 -0.0000198208 0.0000030431 0.0000030263 0.0004002046 0.0025589385 -0.0000068114 0.0000089698 0.0025571138 -0.0000006820 0.0025614646
1706797405.68444 -0.122687 -0.016800 0.890073 -0.000076 0.025961 0.169989 0.985104 0.0000042508 -0.0000000990 -0.0000203492 0.0000030420 0.0000034872 0.0004001225 0.0025586364 -0.0000068472 0.0000090243 0.0025567318 -0.0000004031 0.0025598462
1706797405.75098 -0.123852 -0.015683 0.890438 0.000103 0.026226 0.170906 0.984938 0.0000042412 -0.0000001100 -0.0000204162 0.0000030386 0.0000036362 0.0004000936 0.0025583624 -0.0000068444 0.0000090651 0.0025564399 -0.0000002009 0.0025584569
1706797405.81749 -0.124956 -0.014914 0.891378 0.000608 0.026713 0.171597 0.984805 0.0000042575 -0.0000001395 -0.0000207217 0.0000030425 0.0000040860 0.0004000374 0.0025581568 -0.0000068325 0.0000091045 0.0025561719 -0.0000000297 0.0025570976
1706797405.88402 -0.126672 -0.014335 0.891392 0.000667 0.027082 0.172309 0.984670 0.0000042827 -0.0000001563 -0.0000210958 0.0000030391 0.0000042404 0.0003999806 0.0025580155 -0.0000068204 0.0000091311 0.0025559545 0.0000001493 0.0025555743
1706797405.95049 -0.127740 -0.013684 0.893565 0.001085 0.027198 0.172442 0.984644 0.0000042648 -0.0000001730 -0.0000210599 0.0000030408 0.0000044967 0.0003999652 0.0025578928 -0.0000067998 0.0000091532 0.0025558508 0.0000002527 0.0025543569
1706797406.01708 -0.128975 -0.012911 0.894876 0.002012 0.027200 0.172661 0.984604 0.0000042420 -0.0000002164 -0.0000209697 0.0000030528 0.0000052610 0.0003999473 0.0025578237 -0.0000067638 0.0000091791 0.0025557320 0.0000003171 0.0025530792
1706797406.08360 -0.130060 -0.011900 0.896622 0.002462 0.027292 0.172564 0.984617 0.0000042268 -0.0000002391 -0.0000209488 0.0000030592 0.0000056366 0.0003999215 0.0025577531 -0.0000067206 0.0000091927 0.0025556529 0.0000003637 0.0025520410
1706797406.15014 -0.131047 -0.011019 0.900003 0.002501 0.027580 0.172645 0.984595 0.0000042358 -0.0000002451 -0.0000211448 0.0000030550 0.0000056233 0.0003998923 0.0025577074 -0.0000066521 0.0000091811 0.0025556298 0.0000004019 0.0025509831
1706797406.21679 -0.131876 -0.010184 0.903944 0.002495 0.027042 0.172851 0.984574 0.0000041804 -0.0000002381 -0.0000207212 0.0000030483 0.0000055132 0.0003999283 0.0025576974 -0.0000066015 0.0000091643 0.0025555918 0.0000004323 0.0025499213
1706797406.28331 -0.132235 -0.009898 0.907985 0.002044 0.027505 0.172932 0.984548 0.0000042201 -0.0000002260 -0.0000211910 0.0000030332 0.0000051178 0.0003998750 0.0025576956 -0.0000065511 0.0000091330 0.0025555574 0.0000004547 0.0025489489
1706797406.34988 -0.132702 -0.009819 0.910048 0.002915 0.027594 0.173133 0.984508 0.0000042105 -0.0000002714 -0.0000211865 0.0000030505 0.0000059163 0.0003998425 0.0025577115 -0.0000065318 0.0000091105 0.0025554753 0.0000004593 0.0025480808
1706797406.41644 -0.133170 -0.009948 0.911674 0.003415 0.027377 0.173632 0.984424 0.0000041805 -0.0000002925 -0.0000209837 0.0000030579 0.0000063086 0.0003998404 0.0025577303 -0.0000065212 0.0000090767 0.0025554307 0.0000004663 0.0025473099
1706797406.48307 -0.133222 -0.009840 0.913818 0.004045 0.027532 0.173811 0.984386 0.0000041682 -0.0000003234 -0.0000209413 0.0000030744 0.0000068514 0.0003998239 0.0025577663 -0.0000065350 0.0000090340 0.0025553813 0.0000004686 0.0025466632
1706797406.54954 -0.132953 -0.009785 0.916004 0.003673 0.026895 0.173774 0.984411 0.0000041113 -0.0000002977 -0.0000204747 0.0000030602 0.0000064726 0.0003998812 0.0025577854 -0.0000065355 0.0000089785 0.0025553145 0.0000004560 0.0025461172
1706797406.61614 -0.132514 -0.010014 0.917672 0.003251 0.026953 0.173336 0.984489 0.0000041162 -0.0000002849 -0.0000205944 0.0000030472 0.0000061545 0.0003998735 0.0025577849 -0.0000065330 0.0000089130 0.0025552028 0.0000004444 0.0025455822
1706797406.68272 -0.131711 -0.010400 0.918838 0.002966 0.026732 0.173120 0.984533 0.0000040933 -0.0000002719 -0.0000204423 0.0000030373 0.0000059101 0.0003998924 0.0025577660 -0.0000065477 0.0000088426 0.0025550736 0.0000004349 0.0025451175
1706797406.74931 -0.131331 -0.011015 0.919093 0.002503 0.026899 0.172388 0.984659 0.0000041138 -0.0000002625 -0.0000207053 0.0000030261 0.0000056152 0.0003998685 0.0025577179 -0.0000065634 0.0000087656 0.0025549350 0.0000004307 0.0025446865
1706797406.81595 -0.130532 -0.011918 0.919321 0.002306 0.026769 0.171768 0.984771 0.0000040969 -0.0000002522 -0.0000206072 0.0000030167 0.0000054149 0.0003998782 0.0025576482 -0.0000066005 0.0000086854 0.0025548032 0.0000004188 0.0025443018
1706797406.88269 -0.129676 -0.012845 0.920373 0.001884 0.026752 0.170818 0.984938 0.0000040898 -0.0000002327 -0.0000205987 0.0000030024 0.0000050100 0.0003998817 0.0025575567 -0.0000066415 0.0000086001 0.0025546732 0.0000004043 0.0025439459
1706797406.94922 -0.129020 -0.013889 0.921084 0.001821 0.026923 0.170170 0.985045 0.0000041047 -0.0000002340 -0.0000207955 0.0000029994 0.0000049758 0.0003998520 0.0025574414 -0.0000066850 0.0000085232 0.0025545211 0.0000003870 0.0025436687
1706797407.01579 -0.128213 -0.015159 0.920971 0.001334 0.026881 0.169868 0.985099 0.0000041098 -0.0000002150 -0.0000208930 0.0000029870 0.0000045852 0.0003998442 0.0025573186 -0.0000067324 0.0000084413 0.0025543197 0.0000003723 0.0025434058
1706797407.08239 -0.127135 -0.016287 0.921281 0.000192 0.026929 0.169305 0.985196 0.0000041247 -0.0000001663 -0.0000210785 0.0000029657 0.0000036278 0.0003998325 0.0025571629 -0.0000067785 0.0000083707 0.0025541096 0.0000003581 0.0025431767
1706797407.14907 -0.126371 -0.017250 0.922215 0.000112 0.026697 0.169078 0.985241 0.0000041013 -0.0000001621 -0.0000209007 0.0000029621 0.0000035577 0.0003998460 0.0025570422 -0.0000068208 0.0000082955 0.0025539350 0.0000003487 0.0025429398
1706797407.21570 -0.125383 -0.018276 0.922979 0.000024 0.026811 0.169176 0.985221 0.0000041058 -0.0000001607 -0.0000209768 0.0000029595 0.0000035074 0.0003998313 0.0025569322 -0.0000068652 0.0000082334 0.0025537893 0.0000003407 0.0025427385
1706797407.28231 -0.124439 -0.019383 0.923226 -0.000571 0.027105 0.168974 0.985248 0.0000041437 -0.0000001406 -0.0000213623 0.0000029509 0.0000030716 0.0003997890 0.0025568125 -0.0000069023 0.0000081782 0.0025535657 0.0000003344 0.0025425614
1706797407.34895 -0.123378 -0.020483 0.923769 -0.000789 0.026397 0.169313 0.985208 0.0000040822 -0.0000001209 -0.0000208162 0.0000029444 0.0000027768 0.0003998431 0.0025567215 -0.0000069564 0.0000081340 0.0025533752 0.0000003242 0.0025423967
1706797407.41554 -0.122184 -0.021332 0.924390 -0.000577 0.026400 0.169816 0.985122 0.0000040667 -0.0000001309 -0.0000206983 0.0000029452 0.0000029987 0.0003998468 0.0025566518 -0.0000070054 0.0000081026 0.0025532164 0.0000003107 0.0025422541
1706797407.48215 -0.121418 -0.022206 0.924503 -0.000182 0.026848 0.170559 0.984982 0.0000040979 -0.0000001541 -0.0000210171 0.0000029504 0.0000034102 0.0003998006 0.0025565877 -0.0000070410 0.0000080868 0.0025530452 0.0000002998 0.0025421287
1706797407.54887 -0.121415 -0.022880 0.924764 -0.000364 0.026207 0.171634 0.984812 0.0000040499 -0.0000001409 -0.0000205841 0.0000029446 0.0000032350 0.0003998444 0.0025565589 -0.0000070753 0.0000080675 0.0025529420 0.0000002924 0.0025419946
1706797407.61556 -0.121188 -0.023384 0.925579 -0.000182 0.026880 0.172852 0.984581 0.0000040996 -0.0000001576 -0.0000210736 0.0000029482 0.0000034804 0.0003997844 0.0025565375 -0.0000070942 0.0000080640 0.0025528814 0.0000002896 0.0025418823
1706797407.68228 -0.121350 -0.023899 0.926702 -0.000375 0.027075 0.173974 0.984378 0.0000041229 -0.0000001539 -0.0000213059 0.0000029459 0.0000033825 0.0003997556 0.0025565399 -0.0000071132 0.0000080641 0.0025528211 0.0000002890 0.0025417724
1706797407.74898 -0.121423 -0.024278 0.927981 -0.001008 0.027363 0.174946 0.984197 0.0000041516 -0.0000001344 -0.0000215834 0.0000029398 0.0000029901 0.0003997296 0.0025565572 -0.0000071323 0.0000080676 0.0025528113 0.0000002892 0.0025416679
1706797407.81559 -0.120942 -0.024971 0.929710 -0.001560 0.027209 0.175649 0.984076 0.0000041381 -0.0000001028 -0.0000214721 0.0000029322 0.0000024425 0.0003997443 0.0025565897 -0.0000071516 0.0000080777 0.0025528314 0.0000002836 0.0025415709
1706797407.88237 -0.121032 -0.025635 0.931410 -0.001393 0.027279 0.176214 0.983973 0.0000041420 -0.0000001127 -0.0000215202 0.0000029335 0.0000026298 0.0003997350 0.0025566546 -0.0000071862 0.0000080850 0.0025527956 0.0000002847 0.0025414695
1706797407.94896 -0.120930 -0.026041 0.932984 -0.001438 0.026998 0.176567 0.983917 0.0000041119 -0.0000001092 -0.0000212533 0.0000029334 0.0000025960 0.0003997589 0.0025567201 -0.0000072247 0.0000081028 0.0025528061 0.0000002851 0.0025413834
1706797408.01565 -0.121016 -0.026486 0.934458 -0.001218 0.027439 0.176650 0.983891 0.0000041465 -0.0000001244 -0.0000215837 0.0000029367 0.0000028406 0.0003997179 0.0025567743 -0.0000072405 0.0000081122 0.0025527915 0.0000002884 0.0025413002
1706797408.08242 -0.121009 -0.027102 0.935831 -0.002169 0.027517 0.176585 0.983898 0.0000041710 -0.0000000810 -0.0000218202 0.0000029257 0.0000020351 0.0003997029 0.0025568202 -0.0000072535 0.0000081093 0.0025527796 0.0000002954 0.0025412091
1706797408.14911 -0.120757 -0.027835 0.937182 -0.002347 0.027721 0.175982 0.984000 0.0000041888 -0.0000000717 -0.0000219942 0.0000029230 0.0000018651 0.0003996818 0.0025568510 -0.0000072753 0.0000081051 0.0025527456 0.0000002960 0.0025411295
1706797408.21582 -0.120898 -0.028279 0.938603 -0.001386 0.028361 0.175263 0.984112 0.0000042291 -0.0000001225 -0.0000223659 0.0000029321 0.0000027402 0.0003996281 0.0025568618 -0.0000072943 0.0000080909 0.0025526865 0.0000003017 0.0025410520
1706797408.28252 -0.121298 -0.028340 0.939734 -0.001816 0.028346 0.174131 0.984313 0.0000042340 -0.0000001032 -0.0000224229 0.0000029264 0.0000023926 0.0003996251 0.0025568350 -0.0000073000 0.0000080613 0.0025526570 0.0000003087 0.0025409713
1706797408.34916 -0.121507 -0.028802 0.940695 -0.001522 0.029249 0.172749 0.984530 0.0000043124 -0.0000001287 -0.0000231145 0.0000029310 0.0000027536 0.0003995337 0.0025567570 -0.0000072775 0.0000080222 0.0025526213 0.0000003132 0.0025408921
1706797408.41579 -0.121551 -0.029396 0.941043 -0.001125 0.029720 0.171146 0.984797 0.0000043555 -0.0000001580 -0.0000234913 0.0000029361 0.0000031928 0.0003994811 0.0025566601 -0.0000072826 0.0000079604 0.0025525015 0.0000003298 0.0025408042
1706797408.48248 -0.121328 -0.029672 0.940937 -0.001698 0.030443 0.168862 0.985168 0.0000044315 -0.0000001361 -0.0000241386 0.0000029292 0.0000027418 0.0003994047 0.0025564925 -0.0000072720 0.0000078840 0.0025523065 0.0000003404 0.0025407156
1706797408.54913 -0.121135 -0.029908 0.940654 -0.001380 0.030206 0.166820 0.985524 0.0000044026 -0.0000001466 -0.0000239225 0.0000029309 0.0000029339 0.0003994227 0.0025562899 -0.0000072548 0.0000077997 0.0025521051 0.0000003488 0.0025406254
1706797408.61577 -0.120729 -0.030111 0.940453 -0.001475 0.029889 0.164833 0.985867 0.0000043650 -0.0000001325 -0.0000236373 0.0000029258 0.0000027350 0.0003994548 0.0025560658 -0.0000072431 0.0000077130 0.0025519203 0.0000003548 0.0025405358
1706797408.68238 -0.120139 -0.030769 0.939956 -0.000757 0.030070 0.162938 0.986178 0.0000043694 -0.0000001677 -0.0000236996 0.0000029323 0.0000033106 0.0003994313 0.0025558251 -0.0000072324 0.0000076248 0.0025516803 0.0000003601 0.0025404464
1706797408.74901 -0.119716 -0.031077 0.939185 -0.001804 0.028619 0.161199 0.986505 0.0000042447 -0.0000000999 -0.0000226692 0.0000029148 0.0000022656 0.0003995605 0.0025555938 -0.0000072581 0.0000075422 0.0025514497 0.0000003617 0.0025403617
1706797408.81566 -0.119070 -0.031545 0.938319 -0.000960 0.029537 0.159556 0.986746 0.0000043165 -0.0000001489 -0.0000233174 0.0000029230 0.0000030324 0.0003994674 0.0025553348 -0.0000072533 0.0000074634 0.0025511840 0.0000003678 0.0025402738
1706797408.88226 -0.118516 -0.031724 0.936777 -0.001214 0.028766 0.158095 0.987004 0.0000042373 -0.0000001282 -0.0000226679 0.0000029160 0.0000027368 0.0003995392 0.0025550858 -0.0000072614 0.0000073890 0.0025509355 0.0000003723 0.0025401892
1706797408.94894 -0.118166 -0.032045 0.935006 -0.001301 0.029399 0.156644 0.987217 0.0000043055 -0.0000001346 -0.0000232879 0.0000029146 0.0000027655 0.0003994627 0.0025548148 -0.0000072469 0.0000073187 0.0025506502 0.0000003856 0.0025400954
1706797409.01555 -0.117663 -0.032042 0.933279 -0.001335 0.028824 0.155430 0.987425 0.0000042480 -0.0000001230 -0.0000228317 0.0000029095 0.0000026143 0.0003995115 0.0025545590 -0.0000072373 0.0000072579 0.0025504012 0.0000003914 0.0025400059
1706797409.08230 -0.117291 -0.031825 0.932024 -0.001608 0.028313 0.154252 0.987624 0.0000041994 -0.0000001034 -0.0000224456 0.0000029041 0.0000023085 0.0003995518 0.0025542985 -0.0000072083 0.0000072132 0.0025501745 0.0000004005 0.0025399106
1706797409.14888 -0.116941 -0.031395 0.930751 -0.001480 0.028046 0.153467 0.987755 0.0000041703 -0.0000001042 -0.0000222261 0.0000029016 0.0000023342 0.0003995712 0.0025540661 -0.0000071748 0.0000071697 0.0025499749 0.0000004113 0.0025398210
1706797409.21553 -0.116637 -0.030831 0.929705 -0.001893 0.027358 0.152528 0.987919 0.0000041057 -0.0000000751 -0.0000216865 0.0000028936 0.0000018569 0.0003996298 0.0025538427 -0.0000071365 0.0000071368 0.0025498060 0.0000004208 0.0025397331
1706797409.28200 -0.116507 -0.030229 0.928850 -0.001239 0.027422 0.151788 0.988032 0.0000041038 -0.0000001072 -0.0000217113 0.0000028967 0.0000024251 0.0003996193 0.0025536486 -0.0000071009 0.0000071045 0.0025496193 0.0000004423 0.0025396400
1706797409.34860 -0.116250 -0.029751 0.928491 -0.001197 0.026481 0.150795 0.988210 0.0000040099 -0.0000000964 -0.0000208864 0.0000028931 0.0000023001 0.0003997022 0.0025534611 -0.0000070622 0.0000070864 0.0025494680 0.0000004613 0.0025395503
1706797409.41518 -0.116188 -0.029098 0.928174 -0.001085 0.027044 0.149856 0.988337 0.0000040528 -0.0000001100 -0.0000213356 0.0000028929 0.0000024853 0.0003996492 0.0025532847 -0.0000070175 0.0000070635 0.0025493030 0.0000004873 0.0025394587
1706797409.48182 -0.115774 -0.028484 0.927787 -0.001525 0.026775 0.148542 0.988542 0.0000040221 -0.0000000803 -0.0000211029 0.0000028838 0.0000019467 0.0003996755 0.0025531031 -0.0000069624 0.0000070442 0.0025491433 0.0000005105 0.0025393693
1706797409.54846 -0.115718 -0.027856 0.927472 -0.001186 0.026885 0.147505 0.988695 0.0000040257 -0.0000000954 -0.0000211918 0.0000028822 0.0000022007 0.0003996581 0.0025529314 -0.0000069060 0.0000070219 0.0025489652 0.0000005352 0.0025392826
1706797409.61503 -0.115773 -0.027211 0.927134 -0.001226 0.026728 0.146292 0.988880 0.0000040018 -0.0000000888 -0.0000210270 0.0000028779 0.0000020762 0.0003996735 0.0025527588 -0.0000068538 0.0000070056 0.0025488349 0.0000005660 0.0025391900
1706797409.68171 -0.116394 -0.026516 0.927349 -0.001630 0.026381 0.145768 0.988966 0.0000039735 -0.0000000694 -0.0000208207 0.0000028688 0.0000017012 0.0003996928 0.0025526066 -0.0000067949 0.0000069872 0.0025487642 0.0000005904 0.0025391046
1706797409.74833 -0.116894 -0.026009 0.927649 -0.001317 0.027214 0.144986 0.989058 0.0000040253 -0.0000000863 -0.0000213672 0.0000028672 0.0000019530 0.0003996302 0.0025524643 -0.0000067355 0.0000069697 0.0025487126 0.0000006217 0.0025390213
1706797409.81494 -0.117684 -0.025450 0.928167 -0.001155 0.027653 0.144168 0.989166 0.0000040601 -0.0000000984 -0.0000217476 0.0000028651 0.0000021197 0.0003995836 0.0025523316 -0.0000066806 0.0000069521 0.0025486537 0.0000006525 0.0025389382
1706797409.88158 -0.118615 -0.024538 0.928946 -0.000708 0.028147 0.143124 0.989304 0.0000040838 -0.0000001236 -0.0000220249 0.0000028653 0.0000025165 0.0003995453 0.0025522023 -0.0000066158 0.0000069276 0.0025486150 0.0000006871 0.0025388561
1706797409.94809 -0.119485 -0.023831 0.929843 -0.000970 0.028250 0.142562 0.989382 0.0000040911 -0.0000001151 -0.0000221534 0.0000028592 0.0000023205 0.0003995275 0.0025520813 -0.0000065392 0.0000069108 0.0025486069 0.0000007200 0.0025387747
1706797410.01471 -0.120386 -0.023294 0.930694 -0.000918 0.028774 0.142323 0.989402 0.0000041369 -0.0000001244 -0.0000226215 0.0000028547 0.0000024124 0.0003994710 0.0025519846 -0.0000064733 0.0000068894 0.0025485759 0.0000007537 0.0025387019
1706797410.08133 -0.121320 -0.022814 0.931860 -0.000706 0.028997 0.142346 0.989392 0.0000041449 -0.0000001363 -0.0000227550 0.0000028507 0.0000025898 0.0003994491 0.0025519141 -0.0000064141 0.0000068741 0.0025485902 0.0000007796 0.0025386383
1706797410.14801 -0.122073 -0.022452 0.932517 -0.000198 0.029206 0.142670 0.989339 0.0000041448 -0.0000001624 -0.0000228172 0.0000028507 0.0000030177 0.0003994344 0.0025518686 -0.0000063660 0.0000068615 0.0025485913 0.0000008081 0.0025385793
1706797410.21462 -0.122694 -0.022082 0.932693 -0.000221 0.029613 0.143018 0.989277 0.0000041877 -0.0000001681 -0.0000232486 0.0000028453 0.0000030447 0.0003993803 0.0025518339 -0.0000063177 0.0000068543 0.0025485608 0.0000008274 0.0025385235
1706797410.28108 -0.123191 -0.021613 0.932748 0.000352 0.030563 0.144024 0.989102 0.0000042679 -0.0000002119 -0.0000239781 0.0000028495 0.0000036567 0.0003992809 0.0025518223 -0.0000062608 0.0000068477 0.0025485369 0.0000008452 0.0025384735
1706797410.34787 -0.123808 -0.021121 0.932911 0.000058 0.030625 0.145000 0.988958 0.0000042710 -0.0000002028 -0.0000240608 0.0000028415 0.0000034775 0.0003992713 0.0025518210 -0.0000062006 0.0000068581 0.0025485129 0.0000008548 0.0025384189
1706797410.41455 -0.124264 -0.020824 0.932955 0.000261 0.030906 0.146789 0.988685 0.0000042882 -0.0000002179 -0.0000242597 0.0000028407 0.0000036821 0.0003992415 0.0025518545 -0.0000061455 0.0000068783 0.0025485338 0.0000008626 0.0025383716
1706797410.48124 -0.124454 -0.020585 0.932952 -0.000154 0.030335 0.148494 0.988448 0.0000042232 -0.0000001932 -0.0000237853 0.0000028306 0.0000033285 0.0003993030 0.0025519157 -0.0000061033 0.0000069127 0.0025485791 0.0000008698 0.0025383267
1706797410.54786 -0.124754 -0.020494 0.932949 0.000142 0.030607 0.150705 0.988105 0.0000042415 -0.0000002142 -0.0000239927 0.0000028313 0.0000036330 0.0003992718 0.0025520134 -0.0000060653 0.0000069466 0.0025486142 0.0000008746 0.0025382914
1706797410.61450 -0.124813 -0.020407 0.932885 0.000185 0.030935 0.152648 0.987796 0.0000042644 -0.0000002248 -0.0000242341 0.0000028304 0.0000037639 0.0003992389 0.0025521250 -0.0000060289 0.0000069946 0.0025486468 0.0000008716 0.0025382498
1706797410.68113 -0.124480 -0.020357 0.932728 -0.000169 0.030236 0.154731 0.987494 0.0000041945 -0.0000002025 -0.0000237124 0.0000028200 0.0000034620 0.0003993071 0.0025522643 -0.0000059964 0.0000070384 0.0025486602 0.0000008725 0.0025382202
1706797410.74779 -0.124026 -0.020435 0.932286 0.000105 0.030202 0.156307 0.987247 0.0000041837 -0.0000002179 -0.0000236761 0.0000028209 0.0000037139 0.0003993079 0.0025524041 -0.0000059635 0.0000070900 0.0025486437 0.0000008721 0.0025381826
1706797410.81441 -0.123488 -0.020675 0.931859 0.000530 0.029736 0.157212 0.987117 0.0000041267 -0.0000002305 -0.0000232526 0.0000028226 0.0000039910 0.0003993528 0.0025525408 -0.0000059424 0.0000071399 0.0025486355 0.0000008697 0.0025381368
1706797410.88100 -0.122786 -0.020793 0.931438 0.000746 0.028933 0.158301 0.986967 0.0000040307 -0.0000002282 -0.0000224801 0.0000028204 0.0000040748 0.0003994406 0.0025526785 -0.0000059345 0.0000071853 0.0025486417 0.0000008710 0.0025380929
1706797410.94763 -0.122393 -0.021004 0.931561 0.000321 0.028803 0.158728 0.986902 0.0000040220 -0.0000002074 -0.0000224588 0.0000028091 0.0000036916 0.0003994515 0.0025527904 -0.0000059052 0.0000072203 0.0025486462 0.0000008743 0.0025380498
1706797411.01419 -0.122055 -0.021137 0.931703 -0.000699 0.028192 0.158995 0.986877 0.0000039792 -0.0000001529 -0.0000221349 0.0000027900 0.0000027571 0.0003995022 0.0025528819 -0.0000058767 0.0000072498 0.0025486612 0.0000008717 0.0025380095
1706797411.08085 -0.121710 -0.021414 0.931813 -0.000424 0.028193 0.159605 0.986778 0.0000039697 -0.0000001701 -0.0000220988 0.0000027895 0.0000030604 0.0003995014 0.0025529621 -0.0000058588 0.0000072686 0.0025486641 0.0000008670 0.0025379684
1706797411.14785 -0.121202 -0.021490 0.932399 -0.003420 0.029234 0.156442 0.987248 0.0000041000 -0.0000000480 -0.0000232768 0.0000027591 0.0000008304 0.0003993926 0.0025529159 -0.0000058185 0.0000072660 0.0025485612 0.0000009241 0.0025378235
1706797411.21445 -0.119279 -0.019188 0.945345 -0.031778 0.030489 0.140594 0.989087 0.0000046072 0.0000015071 -0.0000273098 0.0000039293 -0.0000217324 0.0003976775 0.0025521010 -0.0000054689 0.0000070102 0.0025484544 0.0000010456 0.0025374986
1706797411.28109 -0.117072 -0.013765 0.975722 -0.051513 0.033506 0.123818 0.990400 0.0000051562 0.0000029539 -0.0000310130 0.0000062478 -0.0000372394 0.0003947697 0.0025507618 -0.0000048718 0.0000068579 0.0025481987 0.0000011493 0.0025370418
1706797411.34771 -0.115442 -0.003799 1.014319 -0.064779 0.036673 0.106865 0.991483 0.0000056383 0.0000041610 -0.0000338975 0.0000085330 -0.0000476546 0.0003919757 0.0025490609 -0.0000037868 0.0000067683 0.0025477052 0.0000012026 0.0025366590
1706797411.41429 -0.116589 0.012419 1.050837 -0.070469 0.039309 0.090409 0.992630 0.0000059005 0.0000047735 -0.0000354674 0.0000096891 -0.0000521237 0.0003905067 0.0025470318 -0.0000021360 0.0000065324 0.0025468010 0.0000013084 0.0025361049
1706797411.48093 -0.117398 0.034527 1.085697 -0.070506 0.039632 0.075349 0.993872 0.0000057893 0.0000047647 -0.0000349822 0.0000098611 -0.0000528015 0.0003904042 0.0025457762 -0.0000003730 0.0000064092 0.0025461406 0.0000013531 0.0025358715
1706797411.54755 -0.119053 0.061364 1.118369 -0.064854 0.039059 0.061728 0.995218 0.0000055190 0.0000042384 -0.0000335792 0.0000088599 -0.0000491478 0.0003916438 0.0025456613 0.0000013993 0.0000064942 0.0025454141 0.0000013633 0.0025358830
1706797411.61421 -0.121552 0.095653 1.146700 -0.056783 0.038277 0.048926 0.996452 0.0000052207 0.0000035345 -0.0000319552 0.0000074401 -0.0000433657 0.0003933303 0.0025467086 0.0000033064 0.0000065696 0.0025448919 0.0000015260 0.0025360652
1706797411.68087 -0.121346 0.134287 1.172512 -0.048975 0.036918 0.037398 0.997417 0.0000049118 0.0000028812 -0.0000301688 0.0000062364 -0.0000377753 0.0003948039 0.0025495651 0.0000056000 0.0000066504 0.0025446627 0.0000018002 0.0025363347
1706797411.74760 -0.121954 0.176500 1.196714 -0.041119 0.035171 0.027974 0.998143 0.0000046067 0.0000022667 -0.0000283094 0.0000051783 -0.0000320506 0.0003961214 0.0025543294 0.0000078945 0.0000067870 0.0025442975 0.0000021859 0.0025366482
1706797411.81427 -0.123025 0.220391 1.218640 -0.033914 0.035052 0.019656 0.998616 0.0000045315 0.0000018330 -0.0000280147 0.0000043284 -0.0000265855 0.0003969950 0.0025611713 0.0000103859 0.0000069335 0.0025441878 0.0000026498 0.0025369614
1706797411.88101 -0.122095 0.265989 1.239597 -0.027845 0.034402 0.011950 0.998949 0.0000043936 0.0000014614 -0.0000272865 0.0000037427 -0.0000221572 0.0003976613 0.0025700315 0.0000128897 0.0000071250 0.0025441757 0.0000031882 0.0025372760
1706797411.94767 -0.120847 0.313898 1.259179 -0.023192 0.033620 0.005487 0.999150 0.0000042575 0.0000011628 -0.0000265707 0.0000033317 -0.0000185587 0.0003981461 0.0025811068 0.0000152429 0.0000073205 0.0025440724 0.0000037307 0.0025376449
1706797412.01435 -0.118774 0.363086 1.277297 -0.019008 0.032890 0.000998 0.999278 0.0000041162 0.0000009061 -0.0000259383 0.0000030106 -0.0000154020 0.0003985128 0.0025944079 0.0000175788 0.0000074923 0.0025439273 0.0000042911 0.0025380037
1706797412.08098 -0.116402 0.412787 1.293533 -0.015707 0.032684 -0.002387 0.999339 0.0000040295 0.0000007242 -0.0000257692 0.0000027868 -0.0000129600 0.0003987236 0.0026101764 0.0000198367 0.0000076805 0.0025437505 0.0000048580 0.0025383606
1706797412.14763 -0.114889 0.463111 1.309454 -0.012692 0.032542 -0.004446 0.999380 0.0000039772 0.0000005510 -0.0000257675 0.0000025932 -0.0000104832 0.0003988847 0.0026280863 0.0000219307 0.0000078822 0.0025436213 0.0000054536 0.0025387646
1706797412.21425 -0.111178 0.512862 1.325651 -0.010300 0.031532 -0.004664 0.999439 0.0000037899 0.0000004210 -0.0000249469 0.0000024645 -0.0000090087 0.0003990733 0.0026481928 0.0000242824 0.0000080393 0.0025435943 0.0000060472 0.0025391722
1706797412.28087 -0.108729 0.564472 1.339368 -0.009107 0.031510 -0.003578 0.999456 0.0000037326 0.0000003304 -0.0000248677 0.0000023614 -0.0000076779 0.0003991554 0.0026701032 0.0000258486 0.0000081959 0.0025435021 0.0000066817 0.0025396643
1706797412.34749 -0.106122 0.616544 1.352275 -0.007973 0.032434 -0.001717 0.999441 0.0000037892 0.0000002792 -0.0000256553 0.0000022860 -0.0000067201 0.0003991066 0.0026950349 0.0000276808 0.0000083580 0.0025436199 0.0000073185 0.0025401584
1706797412.41412 -0.103364 0.670034 1.363406 -0.007173 0.032590 0.000162 0.999443 0.0000037300 0.0000002158 -0.0000257320 0.0000022113 -0.0000058532 0.0003991322 0.0027221019 0.0000293943 0.0000084071 0.0025436362 0.0000080094 0.0025405587
1706797412.48069 -0.100817 0.723009 1.374109 -0.005532 0.031831 0.002353 0.999475 0.0000036417 0.0000001239 -0.0000253343 0.0000021419 -0.0000045103 0.0003992340 0.0027524409 0.0000309816 0.0000085198 0.0025439694 0.0000086726 0.0025410492
1706797412.54731 -0.098506 0.776918 1.384041 -0.004852 0.032104 0.004748 0.999461 0.0000036338 0.0000000811 -0.0000255581 0.0000020935 -0.0000038074 0.0003992327 0.0027845024 0.0000323916 0.0000085997 0.0025443619 0.0000093469 0.0025415327
1706797412.61393 -0.096198 0.830747 1.392295 -0.003396 0.032228 0.006989 0.999450 0.0000036207 0.0000000040 -0.0000257128 0.0000020432 -0.0000025751 0.0003992456 0.0028193848 0.0000337357 0.0000086489 0.0025448384 0.0000100235 0.0025419846
1706797412.68053 -0.093361 0.885152 1.400166 -0.003376 0.032278 0.008789 0.999435 0.0000035819 -0.0000000010 -0.0000256569 0.0000020118 -0.0000024511 0.0003992682 0.0028567032 0.0000350178 0.0000086808 0.0025454162 0.0000107143 0.0025424017
1706797412.74712 -0.090623 0.940419 1.407518 -0.002971 0.032470 0.010636 0.999412 0.0000035694 -0.0000000233 -0.0000258010 0.0000019796 -0.0000020582 0.0003992669 0.0028968729 0.0000360249 0.0000086622 0.0025460175 0.0000114254 0.0025428085
1706797412.81371 -0.087585 0.996367 1.414378 -0.002693 0.032922 0.012104 0.999381 0.0000035954 -0.0000000369 -0.0000262166 0.0000019505 -0.0000017929 0.0003992277 0.0029400916 0.0000368696 0.0000086244 0.0025466792 0.0000121353 0.0025431715
1706797412.88030 -0.084136 1.051918 1.420037 -0.002019 0.033514 0.013112 0.999350 0.0000036319 -0.0000000658 -0.0000266753 0.0000019227 -0.0000012848 0.0003991835 0.0029863947 0.0000374310 0.0000085595 0.0025473733 0.0000128438 0.0025435096
1706797412.94690 -0.082892 1.109424 1.424696 -0.002402 0.033009 0.013760 0.999357 0.0000035644 -0.0000000622 -0.0000264586 0.0000018923 -0.0000013327 0.0003992124 0.0030347936 0.0000379250 0.0000084366 0.0025479787 0.0000136459 0.0025437438
1706797413.01350 -0.079733 1.165000 1.430259 -0.003122 0.032817 0.014649 0.999349 0.0000035059 -0.0000000090 -0.0000261656 0.0000018763 -0.0000021163 0.0003992566 0.0030875734 0.0000392579 0.0000083216 0.0025490518 0.0000143844 0.0025440189
1706797413.08012 -0.076722 1.219944 1.434852 -0.002997 0.033249 0.015606 0.999321 0.0000035445 -0.0000000135 -0.0000265862 0.0000018571 -0.0000019501 0.0003992148 0.0031408715 0.0000392892 0.0000081952 0.0025499858 0.0000151079 0.0025442758
1706797413.14670 -0.074208 1.275271 1.438584 -0.003109 0.033517 0.016112 0.999303 0.0000035602 -0.0000000132 -0.0000268463 0.0000018378 -0.0000019096 0.0003991908 0.0031960613 0.0000392354 0.0000079945 0.0025509604 0.0000157888 0.0025444600
1706797413.21331 -0.072126 1.330427 1.441239 -0.003022 0.033517 0.016183 0.999303 0.0000035307 -0.0000000104 -0.0000268198 0.0000018166 -0.0000019503 0.0003992037 0.0032540347 0.0000396339 0.0000077102 0.0025518937 0.0000165067 0.0025445594
1706797413.27992 -0.070032 1.384363 1.443725 -0.003530 0.033063 0.016376 0.999313 0.0000034731 0.0000000201 -0.0000265038 0.0000018047 -0.0000023550 0.0003992537 0.0033144493 0.0000401217 0.0000075122 0.0025530585 0.0000171765 0.0025447126
1706797413.34651 -0.067812 1.438560 1.446485 -0.002858 0.033611 0.016392 0.999296 0.0000035108 -0.0000000109 -0.0000268800 0.0000017821 -0.0000017949 0.0003992198 0.0033755622 0.0000404150 0.0000072661 0.0025541967 0.0000177683 0.0025448003
1706797413.41310 -0.065704 1.491583 1.448610 -0.003085 0.033792 0.016207 0.999293 0.0000035273 0.0000000119 -0.0000270748 0.0000017682 -0.0000020385 0.0003992036 0.0034394637 0.0000404878 0.0000070480 0.0025554020 0.0000183483 0.0025448807
1706797413.47969 -0.063155 1.544917 1.450835 -0.003555 0.033797 0.016102 0.999293 0.0000035072 0.0000000454 -0.0000270097 0.0000017532 -0.0000024598 0.0003992195 0.0035043503 0.0000406918 0.0000068095 0.0025566619 0.0000188801 0.0025449252
1706797413.54632 -0.061163 1.598069 1.451933 -0.003412 0.034372 0.015971 0.999276 0.0000035592 0.0000000481 -0.0000274707 0.0000017349 -0.0000023568 0.0003991687 0.0035719242 0.0000404891 0.0000065486 0.0025578210 0.0000193977 0.0025449655
1706797413.61296 -0.058825 1.650005 1.452900 -0.000653 0.035255 0.015590 0.999257 0.0000036465 -0.0000000998 -0.0000281593 0.0000017073 -0.0000001670 0.0003990983 0.0036409914 0.0000402676 0.0000063219 0.0025589630 0.0000198348 0.0025449667
1706797413.67976 -0.055890 1.700481 1.453346 0.005162 0.040380 0.013178 0.999084 0.0000042343 -0.0000004676 -0.0000320595 0.0000017400 0.0000043990 0.0003984664 0.0037098853 0.0000393697 0.0000060537 0.0025597143 0.0000201737 0.0025449548
1706797413.74672 -0.054270 1.747982 1.452487 0.013168 0.049201 0.008561 0.998665 0.0000054779 -0.0000011591 -0.0000389833 0.0000019375 0.0000106134 0.0003969729 0.0037776706 0.0000374145 0.0000056309 0.0025595389 0.0000204296 0.0025446227
1706797413.81340 -0.047507 1.794227 1.454064 0.022605 0.072620 0.000407 0.997103 0.0000100061 -0.0000027065 -0.0000571640 0.0000024473 0.0000177365 0.0003919390 0.0038420434 0.0000354268 0.0000055820 0.0025594260 0.0000208241 0.0025442951
1706797413.88015 -0.038831 1.837525 1.457839 0.037573 0.087005 -0.013003 0.995414 0.0000137389 -0.0000051445 -0.0000682878 0.0000037298 0.0000284459 0.0003869301 0.0039032057 0.0000289487 0.0000057962 0.0025588447 0.0000212136 0.0025439178
1706797413.94704 -0.026274 1.878917 1.464592 0.045155 0.096280 -0.028545 0.993920 0.0000166313 -0.0000066451 -0.0000756473 0.0000044733 0.0000330677 0.0003832884 0.0039616889 0.0000195644 0.0000059820 0.0025585755 0.0000215422 0.0025433465
1706797414.01390 -0.007471 1.917139 1.470996 0.051128 0.097659 -0.044816 0.992895 0.0000173238 -0.0000074578 -0.0000772541 0.0000050506 0.0000363372 0.0003819966 0.0040174259 0.0000068774 0.0000060256 0.0025585190 0.0000217723 0.0025429485
1706797414.08057 0.016659 1.951035 1.474207 0.053013 0.094044 -0.060470 0.992315 0.0000164943 -0.0000073121 -0.0000752956 0.0000050812 0.0000366920 0.0003827621 0.0040692482 -0.0000113436 0.0000059897 0.0025589515 0.0000220309 0.0025427444
1706797414.14724 0.045369 1.979531 1.475748 0.053867 0.088551 -0.075399 0.991752 0.0000150675 -0.0000069284 -0.0000718019 0.0000050281 0.0000366455 0.0003841924 0.0041139852 -0.0000339472 0.0000059488 0.0025599059 0.0000222636 0.0025425709
1706797414.21388 0.078291 2.002307 1.475937 0.052771 0.081223 -0.089478 0.991268 0.0000131474 -0.0000061778 -0.0000667655 0.0000047403 0.0000353857 0.0003863468 0.0041510273 -0.0000603382 0.0000059339 0.0025616505 0.0000224140 0.0025423980
1706797414.28048 0.113535 2.019894 1.475444 0.050466 0.073913 -0.102893 0.990658 0.0000113821 -0.0000053443 -0.0000617503 0.0000043213 0.0000333318 0.0003884682 0.0041792618 -0.0000898444 0.0000059412 0.0025644276 0.0000224889 0.0025422350
1706797414.34707 0.151978 2.033296 1.474813 0.049015 0.067906 -0.115496 0.989771 0.0000099798 -0.0000047549 -0.0000574058 0.0000040770 0.0000321072 0.0003900694 0.0041993748 -0.0001208663 0.0000060247 0.0025682211 0.0000224341 0.0025420396
1706797414.41368 0.192051 2.041512 1.473630 0.047123 0.062801 -0.126588 0.988843 0.0000088576 -0.0000042064 -0.0000536602 0.0000037963 0.0000305837 0.0003914282 0.0042132736 -0.0001541278 0.0000061797 0.0025733855 0.0000222700 0.0025418302
1706797414.48034 0.234842 2.046240 1.474607 0.044544 0.058099 -0.136141 0.987981 0.0000078543 -0.0000036547 -0.0000500547 0.0000034757 0.0000286844 0.0003927123 0.0042192765 -0.0001881911 0.0000064138 0.0025799994 0.0000220485 0.0025416253
1706797414.54707 0.277794 2.045437 1.473896 0.042121 0.052148 -0.144869 0.987178 0.0000066561 -0.0000030782 -0.0000453327 0.0000031840 0.0000269062 0.0003941463 0.0042203394 -0.0002237435 0.0000066378 0.0025880476 0.0000216810 0.0025413847
1706797414.61378 0.321445 2.042286 1.472870 0.039897 0.050242 -0.154048 0.985978 0.0000063361 -0.0000027592 -0.0000440264 0.0000029059 0.0000249928 0.0003947151 0.0042128525 -0.0002586816 0.0000069193 0.0025979174 0.0000214363 0.0025412226
1706797414.68045 0.365182 2.035467 1.472846 0.037141 0.046800 -0.162225 0.984943 0.0000057133 -0.0000023611 -0.0000412399 0.0000026464 0.0000230580 0.0003955752 0.0042020211 -0.0002932363 0.0000072741 0.0026095496 0.0000212325 0.0025411232
1706797414.74714 0.407730 2.025446 1.472565 0.033864 0.040588 -0.168725 0.984245 0.0000047108 -0.0000018743 -0.0000362425 0.0000024154 0.0000211538 0.0003967935 0.0041856640 -0.0003270685 0.0000076118 0.0026227373 0.0000210387 0.0025410294
1706797414.81388 0.451079 2.014059 1.472215 0.031631 0.041693 -0.178385 0.982568 0.0000048227 -0.0000016898 -0.0000369390 0.0000021677 0.0000188729 0.0003969012 0.0041645625 -0.0003593103 0.0000079808 0.0026366851 0.0000208209 0.0025409302
1706797414.88055 0.495067 1.998447 1.472505 0.029561 0.041875 -0.186976 0.981026 0.0000048106 -0.0000014919 -0.0000369457 0.0000019698 0.0000168235 0.0003970948 0.0041424808 -0.0003909600 0.0000083869 0.0026520830 0.0000206213 0.0025408384
1706797414.94727 0.538734 1.982330 1.474017 0.026924 0.042981 -0.193690 0.979751 0.0000048755 -0.0000012780 -0.0000374163 0.0000017521 0.0000143243 0.0003972092 0.0041141028 -0.0004220298 0.0000088252 0.0026691933 0.0000203977 0.0025406857
1706797415.01398 0.582014 1.963466 1.474689 0.025672 0.040238 -0.198575 0.978923 0.0000044742 -0.0000011419 -0.0000353081 0.0000016919 0.0000136831 0.0003976525 0.0040849717 -0.0004522814 0.0000092804 0.0026878951 0.0000201486 0.0025405435
1706797415.08069 0.624624 1.943349 1.474764 0.022249 0.034877 -0.202187 0.978473 0.0000036823 -0.0000008254 -0.0000306892 0.0000015490 0.0000116924 0.0003985611 0.0040533388 -0.0004807988 0.0000097227 0.0027076681 0.0000198918 0.0025403768
1706797415.14740 0.665233 1.922222 1.473841 0.020098 0.029688 -0.206472 0.977795 0.0000030588 -0.0000006371 -0.0000264640 0.0000014876 0.0000107683 0.0003992402 0.0040203359 -0.0005076725 0.0000101808 0.0027285938 0.0000196606 0.0025402535
1706797415.21411 0.706355 1.900901 1.474124 0.020228 0.036784 -0.213191 0.976108 0.0000038553 -0.0000006874 -0.0000320107 0.0000014069 0.0000094674 0.0003985005 0.0039856259 -0.0005323895 0.0000106932 0.0027498100 0.0000194359 0.0025401032
1706797415.28082 0.746768 1.879129 1.475078 0.019578 0.038941 -0.219179 0.974711 0.0000041072 -0.0000006327 -0.0000336393 0.0000013411 0.0000082993 0.0003982972 0.0039524970 -0.0005561929 0.0000112400 0.0027722435 0.0000192716 0.0025399599
1706797415.34755 0.786788 1.856566 1.476339 0.018642 0.036999 -0.225226 0.973425 0.0000038087 -0.0000005624 -0.0000319624 0.0000013094 0.0000078154 0.0003986096 0.0039187408 -0.0005788470 0.0000117772 0.0027958729 0.0000190992 0.0025397637
1706797415.41427 0.826210 1.833163 1.477118 0.015841 0.031083 -0.230627 0.972417 0.0000030384 -0.0000003838 -0.0000269290 0.0000012533 0.0000065859 0.0003994161 0.0038848591 -0.0006004285 0.0000122879 0.0028207446 0.0000188987 0.0025395592
1706797415.48116 0.864390 1.809785 1.476388 0.015967 0.030840 -0.238212 0.970592 0.0000030037 -0.0000003811 -0.0000268663 0.0000012390 0.0000064660 0.0003994411 0.0038502778 -0.0006205559 0.0000127612 0.0028463264 0.0000187134 0.0025393710
1706797415.54784 0.902576 1.784684 1.476814 0.017434 0.039056 -0.246529 0.968191 0.0000039968 -0.0000004392 -0.0000335076 0.0000012069 0.0000057793 0.0003984606 0.0038161014 -0.0006389995 0.0000132850 0.0028723761 0.0000185219 0.0025391995
1706797415.61453 0.940567 1.760626 1.477835 0.018591 0.039790 -0.254781 0.966001 0.0000041187 -0.0000004813 -0.0000343656 0.0000011940 0.0000060880 0.0003983126 0.0037801288 -0.0006558401 0.0000137680 0.0028991970 0.0000183132 0.0025389427
1706797415.68117 0.978108 1.735949 1.477865 0.018175 0.036301 -0.262683 0.964028 0.0000036547 -0.0000004696 -0.0000316874 0.0000011937 0.0000064383 0.0003987614 0.0037459443 -0.0006725590 0.0000142346 0.0029275768 0.0000180800 0.0025387060
1706797415.74786 1.014862 1.711210 1.476932 0.017074 0.032096 -0.271955 0.961623 0.0000031160 -0.0000003963 -0.0000282844 0.0000011718 0.0000061557 0.0003992972 0.0037113166 -0.0006879437 0.0000146434 0.0029567690 0.0000178411 0.0025384352
1706797415.81452 1.052198 1.686204 1.476640 0.019733 0.039251 -0.283640 0.957924 0.0000040650 -0.0000004975 -0.0000343969 0.0000011584 0.0000061717 0.0003983360 0.0036768288 -0.0007021599 0.0000150839 0.0029866923 0.0000176251 0.0025381836
1706797415.88114 1.089326 1.661027 1.476727 0.021131 0.041481 -0.294885 0.954398 0.0000044108 -0.0000005516 -0.0000364340 0.0000011524 0.0000063622 0.0003979705 0.0036434103 -0.0007156800 0.0000155246 0.0030175708 0.0000173848 0.0025379016
1706797415.94777 1.125999 1.634871 1.476832 0.021114 0.040114 -0.305790 0.951019 0.0000042212 -0.0000005396 -0.0000355101 0.0000011426 0.0000063479 0.0003981455 0.0036096996 -0.0007283393 0.0000159468 0.0030497738 0.0000171092 0.0025375918
1706797416.01441 1.162833 1.607948 1.476405 0.023462 0.042132 -0.317851 0.946913 0.0000046072 -0.0000006551 -0.0000376963 0.0000011585 0.0000071357 0.0003977159 0.0035743476 -0.0007395329 0.0000163747 0.0030831558 0.0000168241 0.0025372992
1706797416.08105 1.199593 1.580752 1.475912 0.024872 0.042225 -0.330643 0.942483 0.0000046881 -0.0000007117 -0.0000382254 0.0000011632 0.0000075752 0.0003976005 0.0035395284 -0.0007496660 0.0000167975 0.0031173453 0.0000165052 0.0025370215
1706797416.14768 1.236364 1.553228 1.476134 0.024040 0.043052 -0.343468 0.937869 0.0000047737 -0.0000005777 -0.0000387030 0.0000011048 0.0000061384 0.0003975631 0.0035052025 -0.0007589898 0.0000173258 0.0031527561 0.0000160785 0.0025368995
1706797416.21434 1.272544 1.524726 1.475690 0.023279 0.041337 -0.355087 0.933629 0.0000044764 -0.0000004962 -0.0000373408 0.0000010699 0.0000055907 0.0003978421 0.0034704427 -0.0007670396 0.0000177959 0.0031891335 0.0000156451 0.0025366555
1706797416.28099 1.309316 1.496019 1.474330 0.023145 0.040453 -0.367689 0.928780 0.0000043334 -0.0000004620 -0.0000366612 0.0000010523 0.0000053487 0.0003979813 0.0034354326 -0.0007735882 0.0000182730 0.0032261925 0.0000152395 0.0025364461
1706797416.34761 1.345178 1.466534 1.472438 0.023276 0.040320 -0.380165 0.923746 0.0000043373 -0.0000004281 -0.0000367612 0.0000010346 0.0000049751 0.0003979770 0.0034012829 -0.0007797205 0.0000187780 0.0032650505 0.0000148667 0.0025362154
1706797416.41424 1.380559 1.436573 1.471210 0.023626 0.040552 -0.393109 0.918294 0.0000043867 -0.0000003962 -0.0000371080 0.0000010158 0.0000045623 0.0003979260 0.0033668111 -0.0007838965 0.0000192397 0.0033038824 0.0000145107 0.0025359927
1706797416.48086 1.416235 1.406198 1.469951 0.024231 0.039975 -0.404891 0.913169 0.0000043454 -0.0000004070 -0.0000369812 0.0000010021 0.0000047079 0.0003979481 0.0033324763 -0.0007866187 0.0000196506 0.0033430538 0.0000141874 0.0025357652
1706797416.54750 1.450770 1.375034 1.468789 0.022641 0.036152 -0.415433 0.908623 0.0000037642 -0.0000003480 -0.0000338431 0.0000009833 0.0000044513 0.0003985196 0.0032988166 -0.0007885225 0.0000200208 0.0033834338 0.0000138907 0.0025355311
1706797416.61418 1.484709 1.343949 1.467529 0.023333 0.036913 -0.426319 0.903518 0.0000038858 -0.0000003403 -0.0000346459 0.0000009631 0.0000042233 0.0003983850 0.0032649893 -0.0007884983 0.0000203598 0.0034235372 0.0000136426 0.0025353279
1706797416.68082 1.518043 1.312589 1.465901 0.022344 0.034610 -0.436451 0.898784 0.0000035444 -0.0000003029 -0.0000327651 0.0000009419 0.0000040003 0.0003987082 0.0032321784 -0.0007871960 0.0000206539 0.0034632410 0.0000134185 0.0025351216
1706797416.74749 1.549872 1.280299 1.463538 0.021533 0.030640 -0.445868 0.894315 0.0000030393 -0.0000003063 -0.0000296710 0.0000009364 0.0000044331 0.0003991892 0.0031998829 -0.0007845483 0.0000209089 0.0035030882 0.0000131813 0.0025349693
1706797416.81414 1.581330 1.247820 1.461409 0.024085 0.032352 -0.455883 0.889126 0.0000033687 -0.0000003938 -0.0000319057 0.0000009374 0.0000051616 0.0003988251 0.0031669302 -0.0007795547 0.0000211713 0.0035420233 0.0000129829 0.0025348284
1706797416.88087 1.611310 1.215315 1.460372 0.026192 0.032466 -0.466982 0.883282 0.0000034858 -0.0000004991 -0.0000326789 0.0000009584 0.0000062488 0.0003986757 0.0031353838 -0.0007735671 0.0000214131 0.0035808047 0.0000127251 0.0025348205
1706797416.94751 1.640482 1.182079 1.459859 0.028139 0.034243 -0.477605 0.877456 0.0000038400 -0.0000005699 -0.0000347881 0.0000009617 0.0000066242 0.0003983111 0.0031044673 -0.0007660096 0.0000216943 0.0036186197 0.0000124696 0.0025348235
1706797417.01416 1.668345 1.147815 1.459397 0.028288 0.031175 -0.487340 0.872197 0.0000034704 -0.0000006230 -0.0000326794 0.0000009881 0.0000077085 0.0003986369 0.0030737215 -0.0007567455 0.0000219517 0.0036557125 0.0000121913 0.0025348329
1706797417.08091 1.695846 1.113850 1.457880 0.027716 0.028895 -0.497034 0.866807 0.0000031942 -0.0000005847 -0.0000311004 0.0000009677 0.0000075671 0.0003989006 0.0030430137 -0.0007457315 0.0000221711 0.0036922492 0.0000119336 0.0025348394
1706797417.14754 1.722981 1.078549 1.457157 0.028910 0.030436 -0.506504 0.861215 0.0000034460 -0.0000006145 -0.0000326719 0.0000009603 0.0000075231 0.0003986566 0.0030135223 -0.0007338823 0.0000224508 0.0037288545 0.0000116736 0.0025348623
1706797417.21424 1.749764 1.042752 1.456534 0.032379 0.031983 -0.516576 0.855031 0.0000038593 -0.0000007789 -0.0000350600 0.0000010163 0.0000088305 0.0003982059 0.0029837178 -0.0007199244 0.0000227530 0.0037657138 0.0000112866 0.0025350108
1706797417.28088 1.775455 1.005701 1.456241 0.033474 0.032589 -0.525599 0.849449 0.0000040569 -0.0000008268 -0.0000361415 0.0000010265 0.0000090754 0.0003980130 0.0029547032 -0.0007049215 0.0000230450 0.0038027896 0.0000108980 0.0025351427
1706797417.34753 1.799277 0.968534 1.454041 0.032140 0.030209 -0.533690 0.844529 0.0000037158 -0.0000007736 -0.0000342799 0.0000010014 0.0000089192 0.0003983625 0.0029256098 -0.0006878596 0.0000232666 0.0038385912 0.0000105363 0.0025351017
1706797417.41417 1.822944 0.930665 1.453492 0.032560 0.032195 -0.541940 0.839169 0.0000039793 -0.0000007275 -0.0000357637 0.0000009578 0.0000080014 0.0003981557 0.0028975524 -0.0006690892 0.0000235143 0.0038723472 0.0000101729 0.0025351778
1706797417.48082 1.844389 0.891540 1.453868 0.032249 0.032500 -0.550992 0.833253 0.0000039837 -0.0000006588 -0.0000357939 0.0000009266 0.0000072275 0.0003981958 0.0028704327 -0.0006492819 0.0000237702 0.0039064553 0.0000097935 0.0025353318
1706797417.54747 1.866251 0.852042 1.454307 0.032071 0.032835 -0.559866 0.827311 0.0000040174 -0.0000005971 -0.0000360666 0.0000008967 0.0000064998 0.0003981889 0.0028436732 -0.0006272949 0.0000240482 0.0039378156 0.0000094651 0.0025354350
1706797417.61411 1.887037 0.811501 1.455345 0.032045 0.031525 -0.568120 0.821717 0.0000038634 -0.0000006123 -0.0000352311 0.0000009072 0.0000068347 0.0003983519 0.0028182158 -0.0006047136 0.0000242991 0.0039702840 0.0000090921 0.0025355985
1706797417.68076 1.906305 0.770295 1.455613 0.030975 0.028800 -0.576643 0.815901 0.0000034729 -0.0000005732 -0.0000330076 0.0000009049 0.0000068142 0.0003987602 0.0027932109 -0.0005801640 0.0000245356 0.0040014524 0.0000087396 0.0025357710
1706797417.74738 1.925695 0.728477 1.455463 0.031858 0.029557 -0.585748 0.809327 0.0000036404 -0.0000005944 -0.0000340165 0.0000009039 0.0000068430 0.0003986109 0.0027689388 -0.0005536914 0.0000247546 0.0040303764 0.0000083958 0.0025359479
1706797417.81404 1.943109 0.686833 1.455160 0.029834 0.026318 -0.594667 0.802987 0.0000031601 -0.0000005333 -0.0000312052 0.0000008911 0.0000066709 0.0003991005 0.0027460904 -0.0005267190 0.0000249209 0.0040594702 0.0000080939 0.0025360866
1706797417.88077 1.959130 0.645617 1.454171 0.028814 0.024886 -0.604120 0.795984 0.0000029201 -0.0000004777 -0.0000297198 0.0000008694 0.0000062133 0.0003993637 0.0027249183 -0.0004989858 0.0000250930 0.0040858459 0.0000078044 0.0025362598
1706797417.94741 1.973418 0.604189 1.453281 0.029563 0.025477 -0.614282 0.788121 0.0000030510 -0.0000004884 -0.0000306380 0.0000008588 0.0000061325 0.0003992447 0.0027051089 -0.0004704450 0.0000252183 0.0041097817 0.0000075423 0.0025363790
1706797418.01403 1.988354 0.561696 1.453041 0.031686 0.027686 -0.624871 0.779593 0.0000034358 -0.0000005151 -0.0000330900 0.0000008448 0.0000059553 0.0003988724 0.0026866440 -0.0004409689 0.0000253661 0.0041313597 0.0000073129 0.0025365078
1706797418.08068 2.003121 0.519379 1.453123 0.031855 0.027619 -0.634106 0.772096 0.0000034553 -0.0000004956 -0.0000332667 0.0000008279 0.0000056567 0.0003988662 0.0026690537 -0.0004103205 0.0000255010 0.0041544729 0.0000070944 0.0025366173
1706797418.14732 2.016014 0.477572 1.453293 0.030111 0.024243 -0.641823 0.765878 0.0000029954 -0.0000004884 -0.0000304544 0.0000008324 0.0000060709 0.0003993203 0.0026530751 -0.0003796168 0.0000255950 0.0041774509 0.0000068537 0.0025367211
1706797418.21396 2.028010 0.435293 1.452460 0.033075 0.024881 -0.649475 0.759256 0.0000032769 -0.0000006102 -0.0000322752 0.0000008618 0.0000071872 0.0003990058 0.0026384644 -0.0003481772 0.0000256880 0.0041973861 0.0000066184 0.0025368371
1706797418.28059 2.038335 0.393486 1.451381 0.033988 0.025114 -0.657213 0.752519 0.0000033944 -0.0000006283 -0.0000330256 0.0000008549 0.0000072064 0.0003988914 0.0026252548 -0.0003161930 0.0000257703 0.0042157614 0.0000063807 0.0025369334
1706797418.34721 2.047084 0.351842 1.451214 0.035556 0.025937 -0.665256 0.745317 0.0000036374 -0.0000006817 -0.0000344921 0.0000008569 0.0000074897 0.0003986378 0.0026134116 -0.0002835457 0.0000258397 0.0042310549 0.0000061370 0.0025370027
1706797418.41383 2.054999 0.310469 1.451089 0.035911 0.024593 -0.673005 0.738356 0.0000035549 -0.0000007267 -0.0000340177 0.0000008762 0.0000081333 0.0003987021 0.0026030405 -0.0002505729 0.0000258540 0.0042436850 0.0000058697 0.0025370985
1706797418.48046 2.061316 0.267261 1.450978 0.035776 0.023076 -0.681631 0.730457 0.0000033970 -0.0000007181 -0.0000331325 0.0000008789 0.0000082614 0.0003988615 0.0025941581 -0.0002172319 0.0000259379 0.0042558634 0.0000054944 0.0025373218
1706797418.54710 2.067716 0.222725 1.452002 0.037118 0.023181 -0.690399 0.722104 0.0000035440 -0.0000007751 -0.0000339769 0.0000008985 0.0000087121 0.0003987177 0.0025863539 -0.0001818467 0.0000260372 0.0042650815 0.0000051045 0.0025375363
1706797418.61376 2.073522 0.177833 1.453677 0.034135 0.021863 -0.698236 0.714719 0.0000031605 -0.0000006171 -0.0000316408 0.0000008463 0.0000073961 0.0003991775 0.0025799547 -0.0001458002 0.0000261538 0.0042750235 0.0000046851 0.0025377787
1706797418.68041 2.077425 0.132999 1.454155 0.033375 0.021180 -0.706088 0.707020 0.0000030413 -0.0000005592 -0.0000308831 0.0000008240 0.0000068223 0.0003993395 0.0025750924 -0.0001089416 0.0000262622 0.0042839348 0.0000042670 0.0025379745
1706797418.74706 2.082058 0.087333 1.455781 0.033299 0.021170 -0.713561 0.699481 0.0000030295 -0.0000005351 -0.0000308438 0.0000008127 0.0000065578 0.0003993736 0.0025718467 -0.0000722412 0.0000263785 0.0042897773 0.0000038447 0.0025381981
1706797418.81371 2.085358 0.042084 1.456428 0.034020 0.023078 -0.721471 0.691223 0.0000032641 -0.0000004662 -0.0000322969 0.0000007785 0.0000053986 0.0003991994 0.0025704097 -0.0000347607 0.0000264962 0.0042976946 0.0000034440 0.0025384678
1706797418.88034 2.087987 -0.003389 1.457194 0.035091 0.023466 -0.728510 0.683733 0.0000034199 -0.0000004853 -0.0000332297 0.0000007800 0.0000054718 0.0003990642 0.0025705726 0.0000024592 0.0000266022 0.0043033636 0.0000030425 0.0025387120
1706797418.94697 2.089660 -0.048236 1.457503 0.033116 0.021353 -0.734699 0.677248 0.0000030678 -0.0000004507 -0.0000310657 0.0000007788 0.0000054073 0.0003994397 0.0025724367 0.0000398230 0.0000267010 0.0043079815 0.0000026032 0.0025389484
1706797419.01360 2.090189 -0.093063 1.457760 0.033921 0.022590 -0.741086 0.670172 0.0000032554 -0.0000004218 -0.0000322281 0.0000007638 0.0000048406 0.0003992915 0.0025759550 0.0000770631 0.0000267912 0.0043112276 0.0000021739 0.0025392013
1706797419.08022 2.089933 -0.138041 1.458261 0.031831 0.022250 -0.746875 0.663829 0.0000030475 -0.0000003160 -0.0000309185 0.0000007373 0.0000036818 0.0003995476 0.0025809836 0.0001138223 0.0000268407 0.0043125877 0.0000017613 0.0025394132
1706797419.14684 2.087350 -0.182076 1.457425 0.029200 0.019622 -0.752132 0.658072 0.0000026181 -0.0000002790 -0.0000280460 0.0000007318 0.0000035482 0.0003999988 0.0025875954 0.0001507380 0.0000268514 0.0043125147 0.0000013266 0.0025396343
1706797419.21349 2.084773 -0.225528 1.456463 0.030970 0.021255 -0.757407 0.651862 0.0000028843 -0.0000002835 -0.0000299408 0.0000007236 0.0000033764 0.0003997450 0.0025954747 0.0001865135 0.0000268539 0.0043083664 0.0000009347 0.0025398229
1706797419.28013 2.081779 -0.268348 1.455389 0.031851 0.021530 -0.762910 0.645361 0.0000029821 -0.0000002881 -0.0000305983 0.0000007190 0.0000033478 0.0003996649 0.0026046756 0.0002212203 0.0000268525 0.0043046989 0.0000005432 0.0025400097
1706797419.34674 2.078419 -0.311354 1.455928 0.033693 0.023460 -0.767626 0.639582 0.0000033309 -0.0000002733 -0.0000327855 0.0000007086 0.0000029400 0.0003993403 0.0026151843 0.0002554808 0.0000268517 0.0043003783 0.0000001759 0.0025401616
1706797419.41339 2.074267 -0.354216 1.457182 0.032620 0.024150 -0.771155 0.635353 0.0000032823 -0.0000001791 -0.0000325210 0.0000006895 0.0000017998 0.0003994140 0.0026270859 0.0002898943 0.0000268313 0.0042953569 -0.0000001834 0.0025402803
1706797419.48013 2.064938 -0.393027 1.456338 0.031633 0.022052 -0.775240 0.630488 0.0000030180 -0.0000001993 -0.0000309131 0.0000006878 0.0000021770 0.0003996855 0.0026404310 0.0003242068 0.0000267984 0.0042890460 -0.0000006173 0.0025404167
1706797419.54722 2.057542 -0.435659 1.457551 0.034101 0.024149 -0.780270 0.624046 0.0000034300 -0.0000002006 -0.0000334494 0.0000006823 0.0000020179 0.0003992925 0.0026539199 0.0003543231 0.0000267504 0.0042740368 -0.0000010095 0.0025405482
1706797419.61432 2.050011 -0.479360 1.459587 0.034808 0.023939 -0.784754 0.618366 0.0000034900 -0.0000002267 -0.0000338052 0.0000006810 0.0000022926 0.0003992445 0.0026698927 0.0003873743 0.0000266999 0.0042625232 -0.0000014133 0.0025406444
1706797419.68145 2.041518 -0.522146 1.461722 0.034997 0.023664 -0.788618 0.613430 0.0000034916 -0.0000002280 -0.0000338277 0.0000006759 0.0000023117 0.0003992535 0.0026877757 0.0004214379 0.0000266494 0.0042511994 -0.0000018385 0.0025407466
1706797419.74862 2.032837 -0.564245 1.464252 0.032131 0.021750 -0.792069 0.609197 0.0000030491 -0.0000001803 -0.0000311517 0.0000006667 0.0000019039 0.0003997087 0.0027067481 0.0004542856 0.0000265749 0.0042382689 -0.0000022952 0.0025408269
1706797419.81579 2.023621 -0.605383 1.466164 0.026803 0.017038 -0.795263 0.605432 0.0000022387 -0.0000001743 -0.0000255186 0.0000006645 0.0000022410 0.0004005186 0.0027265503 0.0004859462 0.0000264281 0.0042250593 -0.0000027543 0.0025408929
1706797419.88313 2.011670 -0.646628 1.466265 0.028310 0.015251 -0.800371 0.598642 0.0000022254 -0.0000002662 -0.0000254396 0.0000006794 0.0000036651 0.0004005181 0.0027473870 0.0005164136 0.0000263205 0.0042115110 -0.0000032177 0.0025409932
1706797419.95033 2.001002 -0.687568 1.467561 0.031139 0.016801 -0.806520 0.590147 0.0000025759 -0.0000003088 -0.0000281231 0.0000006752 0.0000038730 0.0004001615 0.0027694204 0.0005456153 0.0000262435 0.0041932987 -0.0000036447 0.0025410331
1706797420.01750 1.990335 -0.729690 1.469080 0.034618 0.016228 -0.812754 0.581351 0.0000028737 -0.0000004609 -0.0000301294 0.0000007133 0.0000056414 0.0003998368 0.0027925448 0.0005743346 0.0000261414 0.0041773728 -0.0000041021 0.0025411379
1706797420.08466 1.978888 -0.771361 1.469373 0.034455 0.015696 -0.819753 0.571465 0.0000028404 -0.0000004489 -0.0000299073 0.0000007067 0.0000055427 0.0003998856 0.0028182213 0.0006042175 0.0000260475 0.0041616304 -0.0000045818 0.0025412789
1706797420.15188 1.967068 -0.812942 1.469709 0.036179 0.015700 -0.827499 0.560080 0.0000030165 -0.0000004920 -0.0000310890 0.0000007147 0.0000058935 0.0003997066 0.0028449382 0.0006330254 0.0000259659 0.0041445537 -0.0000050776 0.0025414640
1706797420.21908 1.954901 -0.854011 1.470549 0.037044 0.014234 -0.835765 0.547651 0.0000030085 -0.0000005616 -0.0000310502 0.0000007418 0.0000068190 0.0003996973 0.0028726309 0.0006609385 0.0000258804 0.0041277356 -0.0000055825 0.0025416817
1706797420.28629 1.942146 -0.893645 1.470397 0.037840 0.013296 -0.842954 0.536489 0.0000030359 -0.0000006026 -0.0000312360 0.0000007576 0.0000073389 0.0003996646 0.0029014949 0.0006880822 0.0000257871 0.0041103201 -0.0000060578 0.0025419087
1706797420.35350 1.929161 -0.933306 1.469815 0.038774 0.012835 -0.849566 0.525899 0.0000031184 -0.0000006363 -0.0000317616 0.0000007699 0.0000076644 0.0003995871 0.0029303345 0.0007132217 0.0000257020 0.0040922944 -0.0000065059 0.0025421428
1706797420.42072 1.915094 -0.972623 1.469188 0.039441 0.012589 -0.856165 0.515041 0.0000031930 -0.0000006477 -0.0000322347 0.0000007719 0.0000077193 0.0003995266 0.0029606575 0.0007380679 0.0000256202 0.0040736290 -0.0000069166 0.0025423726
1706797420.48788 1.900304 -1.011208 1.468490 0.039736 0.012284 -0.862073 0.505075 0.0000032075 -0.0000006318 -0.0000323587 0.0000007647 0.0000075094 0.0003995320 0.0029917825 0.0007616799 0.0000255393 0.0040532877 -0.0000072929 0.0025426069
1706797420.55459 1.884117 -1.048771 1.467757 0.039364 0.011735 -0.867055 0.496516 0.0000031451 -0.0000006183 -0.0000319890 0.0000007634 0.0000074459 0.0003996133 0.0030232910 0.0007839499 0.0000254503 0.0040325327 -0.0000076567 0.0025428415
1706797420.62130 1.865432 -1.084560 1.466405 0.036657 0.008744 -0.871283 0.489332 0.0000026890 -0.0000006182 -0.0000290409 0.0000007949 0.0000082250 0.0004000531 0.0030550942 0.0008044049 0.0000253053 0.0040088904 -0.0000079940 0.0025430711
1706797420.68801 1.846175 -1.120533 1.465033 0.036566 0.007684 -0.876580 0.479804 0.0000026269 -0.0000006393 -0.0000286380 0.0000008128 0.0000086285 0.0004001141 0.0030865753 0.0008219752 0.0000251482 0.0039817950 -0.0000083227 0.0025433436
1706797420.75472 1.826013 -1.156568 1.464068 0.039517 0.010386 -0.882335 0.468844 0.0000031081 -0.0000006193 -0.0000318217 0.0000007666 0.0000074877 0.0003996937 0.0031194331 0.0008391066 0.0000250284 0.0039542441 -0.0000085648 0.0025435723
1706797420.82143 1.805263 -1.192141 1.463636 0.041348 0.011418 -0.887648 0.458520 0.0000033944 -0.0000006149 -0.0000335682 0.0000007495 0.0000070186 0.0003994426 0.0031528040 0.0008551579 0.0000248956 0.0039262034 -0.0000088188 0.0025437954
1706797420.88814 1.783287 -1.226905 1.462664 0.042057 0.011666 -0.892431 0.449069 0.0000035133 -0.0000006046 -0.0000342502 0.0000007407 0.0000067369 0.0003993551 0.0031872629 0.0008703129 0.0000247421 0.0038976851 -0.0000090733 0.0025440236
1706797420.95484 1.760068 -1.262414 1.462370 0.039746 0.011078 -0.897402 0.439280 0.0000032112 -0.0000005122 -0.0000324599 0.0000007160 0.0000059737 0.0003997002 0.0032218101 0.0008837784 0.0000245573 0.0038681772 -0.0000093676 0.0025442483
1706797421.02155 1.735219 -1.295973 1.461664 0.041585 0.011665 -0.902574 0.428362 0.0000034813 -0.0000005244 -0.0000340616 0.0000007113 0.0000058156 0.0003994602 0.0032584944 0.0008965563 0.0000243688 0.0038367299 -0.0000096350 0.0025444880
1706797421.08826 1.710607 -1.327759 1.460630 0.041950 0.012089 -0.908563 0.415461 0.0000035705 -0.0000004782 -0.0000345631 0.0000006943 0.0000051676 0.0003994183 0.0032937085 0.0009063141 0.0000241828 0.0038036390 -0.0000098361 0.0025447175
1706797421.15497 1.685324 -1.360377 1.460305 0.042111 0.012398 -0.914238 0.402792 0.0000036293 -0.0000004314 -0.0000348784 0.0000006804 0.0000045576 0.0003994051 0.0033278814 0.0009142979 0.0000239751 0.0037713824 -0.0000100412 0.0025449229
1706797421.22168 1.658643 -1.391229 1.459491 0.042006 0.011077 -0.919105 0.391610 0.0000035603 -0.0000004658 -0.0000344635 0.0000006905 0.0000049885 0.0003994933 0.0033640851 0.0009217887 0.0000237260 0.0037381801 -0.0000102700 0.0025451184
1706797421.28839 1.631531 -1.422479 1.458122 0.038697 0.010740 -0.923386 0.381766 0.0000031396 -0.0000003482 -0.0000319502 0.0000006644 0.0000039101 0.0003999626 0.0033985592 0.0009267019 0.0000234222 0.0037042802 -0.0000104953 0.0025452592
1706797421.35510 1.604302 -1.451771 1.456194 0.033739 0.009081 -0.926864 0.373769 0.0000025211 -0.0000002728 -0.0000279031 0.0000006493 0.0000034126 0.0004006018 0.0034341453 0.0009311821 0.0000230332 0.0036705284 -0.0000106578 0.0025453816
1706797421.42180 1.576574 -1.481021 1.454498 0.026756 0.005660 -0.929595 0.367566 0.0000017388 -0.0000002338 -0.0000216034 0.0000006531 0.0000037124 0.0004014004 0.0034673492 0.0009338857 0.0000225879 0.0036386582 -0.0000108738 0.0025455789
1706797421.48851 1.549184 -1.508856 1.452812 0.020707 0.002868 -0.931540 0.363039 0.0000012321 -0.0000001911 -0.0000162642 0.0000006545 0.0000038960 0.0004019226 0.0035008044 0.0009356245 0.0000221054 0.0036066738 -0.0000110533 0.0025457522
1706797421.55522 1.523276 -1.535695 1.451565 0.015174 0.000410 -0.932871 0.359892 0.0000008937 -0.0000001498 -0.0000114407 0.0000006555 0.0000041353 0.0004022693 0.0035327220 0.0009360314 0.0000215958 0.0035753104 -0.0000111787 0.0025458874
1706797421.62193 1.498533 -1.559460 1.449916 0.010033 -0.000966 -0.933647 0.358052 0.0000006903 -0.0000001015 -0.0000072525 0.0000006419 0.0000037393 0.0004024846 0.0035633029 0.0009360799 0.0000210767 0.0035454454 -0.0000111690 0.0025459575
1706797421.68864 1.475191 -1.581410 1.448537 0.005709 -0.002025 -0.933979 0.357277 0.0000005917 -0.0000000614 -0.0000036240 0.0000006303 0.0000031666 0.0004026080 0.0035902091 0.0009349490 0.0000205978 0.0035187336 -0.0000111920 0.0025460997
1706797421.75534 1.452974 -1.600397 1.447337 0.002669 -0.002341 -0.934019 0.357206 0.0000005648 -0.0000000411 -0.0000012428 0.0000006195 0.0000025403 0.0004026594 0.0036150215 0.0009330897 0.0000201650 0.0034932842 -0.0000111063 0.0025462010
1706797421.82205 1.433309 -1.617296 1.446334 0.001368 -0.002842 -0.934107 0.356978 0.0000005631 -0.0000000347 -0.0000001224 0.0000006194 0.0000025704 0.0004026748 0.0036361681 0.0009302887 0.0000197598 0.0034699835 -0.0000110247 0.0025463539
1706797421.88875 1.416384 -1.630184 1.446503 0.000355 -0.002384 -0.934173 0.356812 0.0000005587 -0.0000000329 0.0000004516 0.0000006100 0.0000019942 0.0004026878 0.0036548558 0.0009276331 0.0000193495 0.0034482491 -0.0000107772 0.0025463908
1706797421.95545 1.401520 -1.641430 1.446801 0.000287 -0.002720 -0.934242 0.356629 0.0000005595 -0.0000000338 0.0000006313 0.0000006107 0.0000022112 0.0004026918 0.0036687147 0.0009242764 0.0000190434 0.0034297616 -0.0000104738 0.0025464358
1706797422.02214 1.388702 -1.650315 1.446602 -0.000217 -0.001912 -0.934287 0.356518 0.0000005575 -0.0000000370 0.0000007416 0.0000006018 0.0000014987 0.0004027026 0.0036805331 0.0009211129 0.0000188187 0.0034126911 -0.0000100396 0.0025464260
1706797422.08884 1.377769 -1.653120 1.446553 0.000197 -0.000731 -0.934478 0.356021 0.0000005451 -0.0000000421 -0.0000000082 0.0000005946 0.0000008425 0.0004027037 0.0036892009 0.0009175702 0.0000186431 0.0033963365 -0.0000094610 0.0025463704
1706797422.15555 1.369114 -1.657097 1.446080 0.000701 -0.000185 -0.934816 0.355132 0.0000005483 -0.0000000434 -0.0000004311 0.0000005942 0.0000004216 0.0004027081 0.0036899928 0.0009122833 0.0000184900 0.0033843638 -0.0000090565 0.0025463812
1706797422.22224 1.361317 -1.660342 1.445174 0.001185 0.001542 -0.935114 0.354342 0.0000005541 -0.0000000412 -0.0000013306 0.0000005982 -0.0000007627 0.0004027072 0.0036929741 0.0009094669 0.0000183681 0.0033756000 -0.0000087629 0.0025464856
1706797422.28894 1.354523 -1.660375 1.443674 0.001985 0.001951 -0.935328 0.353770 0.0000005622 -0.0000000405 -0.0000021074 0.0000006003 -0.0000007911 0.0004027071 0.0036952485 0.0009063466 0.0000182765 0.0033667420 -0.0000083481 0.0025465142
1706797422.35563 1.348794 -1.659682 1.442317 0.003458 0.002300 -0.935513 0.353269 0.0000005791 -0.0000000411 -0.0000033207 0.0000005962 -0.0000006577 0.0004026956 0.0036932255 0.0009017637 0.0000182733 0.0033581818 -0.0000077630 0.0025463340
1706797422.42232 1.344914 -1.656853 1.441048 0.005555 0.003346 -0.935732 0.352651 0.0000006192 -0.0000000361 -0.0000051800 0.0000005976 -0.0000008655 0.0004026601 0.0036902833 0.0008979055 0.0000182585 0.0033520737 -0.0000073685 0.0025463257
1706797422.48902 1.342945 -1.651268 1.439522 0.006526 0.005060 -0.935864 0.352264 0.0000006547 -0.0000000187 -0.0000064592 0.0000006014 -0.0000018609 0.0004026169 0.0036844359 0.0008941773 0.0000183263 0.0033479086 -0.0000069103 0.0025461893
1706797422.55574 1.342171 -1.645145 1.438890 0.008590 0.007873 -0.935916 0.352032 0.0000007413 0.0000000250 -0.0000087566 0.0000006210 -0.0000033944 0.0004025113 0.0036751811 0.0008901147 0.0000183833 0.0033457457 -0.0000065265 0.0025461650
1706797422.62246 1.342861 -1.638357 1.438967 0.011731 0.009645 -0.935944 0.351821 0.0000008824 0.0000000624 -0.0000115685 0.0000006289 -0.0000038781 0.0004023600 0.0036653181 0.0008864928 0.0000184762 0.0033448283 -0.0000061847 0.0025461279
1706797422.68918 1.343727 -1.630605 1.439663 0.016229 0.010088 -0.935891 0.351772 0.0000011206 0.0000000602 -0.0000151611 0.0000006119 -0.0000028970 0.0004021365 0.0036551630 0.0008835508 0.0000185923 0.0033453499 -0.0000059193 0.0025460911
1706797422.75591 1.346021 -1.623135 1.439612 0.017702 0.012519 -0.936027 0.351261 0.0000012556 0.0000001318 -0.0000168711 0.0000006350 -0.0000042963 0.0004019722 0.0036442004 0.0008800346 0.0000187149 0.0033456801 -0.0000056881 0.0025460468
1706797422.82264 1.348334 -1.615784 1.439833 0.019775 0.014306 -0.936139 0.350782 0.0000014454 0.0000001910 -0.0000190142 0.0000006502 -0.0000050448 0.0004017596 0.0036339653 0.0008777082 0.0000188402 0.0033476705 -0.0000055008 0.0025459970
1706797422.88937 1.350874 -1.608956 1.439783 0.021314 0.015125 -0.936341 0.350119 0.0000015794 0.0000002181 -0.0000203936 0.0000006522 -0.0000052134 0.0004016173 0.0036243905 0.0008753701 0.0000189480 0.0033493653 -0.0000053751 0.0025459546
1706797422.95609 1.353877 -1.602848 1.439911 0.022844 0.015344 -0.936596 0.349329 0.0000016981 0.0000002232 -0.0000215474 0.0000006439 -0.0000050059 0.0004014985 0.0036159942 0.0008735270 0.0000190439 0.0033511945 -0.0000053092 0.0025459158
1706797423.02282 1.357280 -1.597399 1.440870 0.024101 0.015574 -0.936728 0.348880 0.0000018031 0.0000002268 -0.0000225175 0.0000006359 -0.0000048259 0.0004013926 0.0036085471 0.0008725054 0.0000191308 0.0033538269 -0.0000052894 0.0025458839
1706797423.08955 1.361165 -1.592480 1.441422 0.025329 0.016042 -0.936596 0.349127 0.0000019135 0.0000002436 -0.0000234955 0.0000006333 -0.0000048839 0.0004012738 0.0036018460 0.0008720134 0.0000192141 0.0033569064 -0.0000052972 0.0025458564
1706797423.15627 1.365006 -1.588208 1.441987 0.026534 0.015915 -0.936426 0.349500 0.0000020174 0.0000002287 -0.0000243809 0.0000006184 -0.0000044308 0.0004011732 0.0035959289 0.0008720159 0.0000192932 0.0033603324 -0.0000053281 0.0025458312
1706797423.22300 1.368548 -1.584743 1.442654 0.027999 0.016029 -0.936415 0.349408 0.0000021513 0.0000002248 -0.0000254709 0.0000006077 -0.0000041543 0.0004010379 0.0035910847 0.0008722577 0.0000193716 0.0033634404 -0.0000053780 0.0025458121
1706797423.28972 1.371781 -1.581946 1.443675 0.029005 0.016198 -0.936340 0.349519 0.0000022398 0.0000002258 -0.0000261724 0.0000006001 -0.0000040276 0.0004009441 0.0035873759 0.0008728798 0.0000194453 0.0033664015 -0.0000054476 0.0025457961
1706797423.35644 1.374916 -1.579865 1.444122 0.029198 0.016368 -0.935940 0.350566 0.0000022669 0.0000002340 -0.0000263939 0.0000005961 -0.0000040875 0.0004009073 0.0035846189 0.0008737209 0.0000195126 0.0033690797 -0.0000055185 0.0025457830
1706797423.42316 1.377785 -1.578263 1.443725 0.029029 0.016551 -0.935283 0.352320 0.0000022505 0.0000002470 -0.0000262872 0.0000005946 -0.0000042712 0.0004009102 0.0035825442 0.0008747318 0.0000195727 0.0033715851 -0.0000055843 0.0025457704
1706797423.49068 1.380269 -1.577080 1.443595 0.029213 0.015363 -0.934423 0.354632 0.0000022280 0.0000001801 -0.0000261354 0.0000005700 -0.0000032405 0.0004009411 0.0035808598 0.0008756930 0.0000196242 0.0033737305 -0.0000056578 0.0025457644
1706797423.55752 1.382485 -1.576187 1.443708 0.029645 0.015474 -0.933440 0.357172 0.0000022665 0.0000001730 -0.0000264497 0.0000005619 -0.0000030692 0.0004008928 0.0035797108 0.0008766133 0.0000196752 0.0033754205 -0.0000057264 0.0025457592
1706797423.62436 1.384366 -1.575507 1.444300 0.030396 0.014946 -0.932358 0.359947 0.0000023217 0.0000001312 -0.0000268755 0.0000005477 -0.0000023791 0.0004008348 0.0035787792 0.0008775343 0.0000197243 0.0033769583 -0.0000057942 0.0025457618
1706797423.69120 1.385229 -1.575360 1.444244 0.030471 0.014708 -0.931286 0.362715 0.0000023169 0.0000001138 -0.0000268584 0.0000005397 -0.0000021016 0.0004008296 0.0035783969 0.0008781260 0.0000197662 0.0033775105 -0.0000058585 0.0025457631
1706797423.75804 1.385594 -1.575256 1.443567 0.030282 0.014925 -0.930182 0.365544 0.0000023149 0.0000001225 -0.0000268594 0.0000005361 -0.0000022153 0.0004008169 0.0035783120 0.0008783114 0.0000198007 0.0033771231 -0.0000059121 0.0025457624
1706797423.82488 1.385469 -1.575120 1.442510 0.029611 0.014642 -0.929164 0.368189 0.0000022434 0.0000001111 -0.0000263417 0.0000005299 -0.0000020698 0.0004008760 0.0035781495 0.0008782213 0.0000198214 0.0033763109 -0.0000059606 0.0025457586
1706797423.89173 1.384732 -1.575141 1.441522 0.028668 0.015344 -0.928336 0.370317 0.0000021697 0.0000001595 -0.0000257997 0.0000005352 -0.0000028533 0.0004009261 0.0035780559 0.0008778057 0.0000198313 0.0033748718 -0.0000060003 0.0025457503
1706797423.95857 1.383675 -1.575178 1.441397 0.028990 0.015897 -0.927698 0.371864 0.0000022293 0.0000001786 -0.0000262738 0.0000005348 -0.0000030874 0.0004008496 0.0035778125 0.0008771197 0.0000198384 0.0033730580 -0.0000060340 0.0025457425
1706797424.02536 1.382113 -1.575292 1.441617 0.029104 0.015964 -0.927346 0.372729 0.0000022378 0.0000001810 -0.0000263561 0.0000005317 -0.0000031104 0.0004008283 0.0035777946 0.0008763161 0.0000198370 0.0033708584 -0.0000060720 0.0025457337
1706797424.09207 1.380094 -1.575752 1.441785 0.028718 0.016515 -0.927609 0.372081 0.0000022140 0.0000002192 -0.0000261883 0.0000005389 -0.0000037118 0.0004008315 0.0035781804 0.0008754510 0.0000198240 0.0033682292 -0.0000061116 0.0025457232
1706797424.15878 1.377603 -1.576505 1.442040 0.028059 0.017171 -0.928631 0.369543 0.0000021751 0.0000002656 -0.0000259005 0.0000005518 -0.0000044690 0.0004008474 0.0035790474 0.0008744942 0.0000197963 0.0033650473 -0.0000061587 0.0025457098
1706797424.22549 1.374775 -1.577568 1.441696 0.026738 0.018160 -0.930191 0.365649 0.0000020874 0.0000003375 -0.0000252246 0.0000005817 -0.0000057286 0.0004008975 0.0035805670 0.0008734183 0.0000197533 0.0033611342 -0.0000062064 0.0025456906
1706797424.29222 1.371269 -1.579279 1.440794 0.025831 0.017613 -0.932168 0.360674 0.0000019784 0.0000003255 -0.0000243619 0.0000005802 -0.0000057452 0.0004010020 0.0035823637 0.0008720698 0.0000196981 0.0033565236 -0.0000062603 0.0025456722
1706797424.35895 1.367532 -1.581565 1.440248 0.024810 0.016935 -0.934503 0.354686 0.0000018606 0.0000003070 -0.0000233911 0.0000005764 -0.0000056769 0.0004011193 0.0035847013 0.0008709058 0.0000196346 0.0033518388 -0.0000063203 0.0025456516
1706797424.42568 1.364446 -1.583735 1.439999 0.024436 0.016317 -0.936954 0.348216 0.0000018024 0.0000002863 -0.0000228991 0.0000005685 -0.0000054451 0.0004011837 0.0035876994 0.0008699387 0.0000195683 0.0033470482 -0.0000063800 0.0025456325
1706797424.49240 1.361051 -1.586328 1.440028 0.023856 0.014722 -0.939470 0.341483 0.0000016989 0.0000002275 -0.0000219886 0.0000005460 -0.0000046078 0.0004013091 0.0035903199 0.0008692614 0.0000195010 0.0033431244 -0.0000064412 0.0025456152
1706797424.55914 1.357970 -1.588668 1.439694 0.022194 0.014778 -0.941989 0.334583 0.0000015650 0.0000002457 -0.0000207434 0.0000005602 -0.0000052368 0.0004014302 0.0035937413 0.0008687586 0.0000194244 0.0033390270 -0.0000064953 0.0025455935
1706797424.62588 1.355504 -1.590997 1.439922 0.020668 0.014151 -0.944442 0.327722 0.0000014380 0.0000002325 -0.0000194878 0.0000005615 -0.0000052925 0.0004015596 0.0035967106 0.0008681717 0.0000193402 0.0033353443 -0.0000065541 0.0025456155
1706797424.69262 1.352698 -1.593863 1.441347 0.019908 0.013175 -0.946799 0.320940 0.0000013493 0.0000002021 -0.0000185471 0.0000005532 -0.0000048958 0.0004016661 0.0035996749 0.0008680589 0.0000192504 0.0033327077 -0.0000066319 0.0025456946
1706797424.75936 1.351012 -1.596264 1.444117 0.020021 0.012180 -0.948853 0.314847 0.0000013329 0.0000001678 -0.0000183666 0.0000005389 -0.0000041832 0.0004017050 0.0036033181 0.0008681364 0.0000191690 0.0033300070 -0.0000067219 0.0025457765
1706797424.82609 1.349034 -1.598584 1.446748 0.019882 0.012122 -0.950517 0.309799 0.0000013203 0.0000001741 -0.0000182222 0.0000005441 -0.0000043360 0.0004017205 0.0036063403 0.0008683237 0.0000190955 0.0033280275 -0.0000068128 0.0025458569
1706797424.89284 1.347114 -1.601009 1.448830 0.019418 0.011589 -0.951790 0.305917 0.0000012710 0.0000001581 -0.0000176717 0.0000005406 -0.0000040895 0.0004017796 0.0036093779 0.0008683869 0.0000190303 0.0033259224 -0.0000068953 0.0025459366
1706797424.95957 1.345412 -1.603394 1.450351 0.019102 0.010933 -0.952710 0.303083 0.0000012355 0.0000001395 -0.0000172658 0.0000005353 -0.0000037249 0.0004018254 0.0036122951 0.0008685830 0.0000189720 0.0033242013 -0.0000069665 0.0025460087
1706797425.02631 1.344083 -1.605501 1.451803 0.018795 0.010604 -0.953436 0.300823 0.0000012077 0.0000001306 -0.0000169419 0.0000005338 -0.0000035650 0.0004018589 0.0036151594 0.0008689147 0.0000189212 0.0033228034 -0.0000070207 0.0025460792
1706797425.09307 1.342786 -1.607464 1.453716 0.026249 0.013137 -0.954346 0.297257 0.0000018459 0.0000001989 -0.0000232876 0.0000005389 -0.0000037745 0.0004012205 0.0036180500 0.0008690633 0.0000189279 0.0033211123 -0.0000070376 0.0025461492
1706797425.15978 1.340809 -1.610474 1.456209 0.037476 0.017654 -0.955614 0.291694 0.0000032076 0.0000003733 -0.0000329093 0.0000005633 -0.0000047951 0.0003998487 0.0036209374 0.0008689579 0.0000189990 0.0033191665 -0.0000070102 0.0025462434
1706797425.22651 1.337694 -1.614391 1.458730 0.057836 0.023209 -0.956885 0.283704 0.0000066886 0.0000005636 -0.0000494916 0.0000005652 -0.0000046866 0.0003963901 0.0036260551 0.0008685864 0.0000192334 0.0033151864 -0.0000069117 0.0025463154
1706797425.29325 1.332013 -1.620085 1.460712 0.075329 0.030720 -0.958797 0.272196 0.0000109801 0.0000011497 -0.0000640395 0.0000006445 -0.0000071680 0.0003920436 0.0036328931 0.0008677669 0.0000195250 0.0033093431 -0.0000067488 0.0025463693
1706797425.35996 1.323757 -1.627624 1.462135 0.084682 0.033576 -0.961477 0.259353 0.0000135873 0.0000014811 -0.0000713111 0.0000006885 -0.0000081940 0.0003894186 0.0036427969 0.0008658249 0.0000197598 0.0032997778 -0.0000066008 0.0025464141
1706797425.42668 1.311072 -1.638183 1.464265 0.086775 0.033752 -0.964720 0.246264 0.0000141635 0.0000016387 -0.0000727935 0.0000007191 -0.0000088445 0.0003888379 0.0036559101 0.0008629811 0.0000198870 0.0032869853 -0.0000065023 0.0025464923
1706797425.49338 1.293912 -1.651503 1.465853 0.083290 0.032549 -0.967982 0.234551 0.0000130579 0.0000016871 -0.0000698658 0.0000007519 -0.0000095013 0.0003899389 0.0036736111 0.0008586506 0.0000199292 0.0032694456 -0.0000064637 0.0025466075
1706797425.56004 1.271848 -1.667748 1.467423 0.077198 0.031302 -0.971057 0.223848 0.0000113311 0.0000017237 -0.0000650019 0.0000008016 -0.0000104650 0.0003916463 0.0036949163 0.0008528313 0.0000199178 0.0032482162 -0.0000064786 0.0025467513
1706797425.62673 1.246641 -1.686198 1.468835 0.070503 0.028995 -0.973721 0.214606 0.0000095532 0.0000015734 -0.0000595371 0.0000008014 -0.0000104753 0.0003934515 0.0037200677 0.0008449452 0.0000198850 0.0032226561 -0.0000065122 0.0025469285
1706797425.69343 1.217796 -1.706485 1.469837 0.064648 0.026408 -0.975883 0.206825 0.0000080817 0.0000013604 -0.0000545646 0.0000007719 -0.0000099232 0.0003949760 0.0037481229 0.0008358848 0.0000198244 0.0031951032 -0.0000065524 0.0025471183
1706797425.76013 1.186512 -1.727492 1.470328 0.059321 0.023848 -0.977601 0.200519 0.0000068671 0.0000011452 -0.0000500609 0.0000007334 -0.0000091378 0.0003962497 0.0037782945 0.0008249110 0.0000197337 0.0031653146 -0.0000065881 0.0025473162
1706797425.82681 1.152458 -1.750130 1.470979 0.053365 0.020055 -0.978975 0.195850 0.0000055833 0.0000008149 -0.0000447806 0.0000006576 -0.0000073023 0.0003976276 0.0038091424 0.0008121238 0.0000195957 0.0031346744 -0.0000066316 0.0025475490
1706797425.89350 1.116498 -1.771744 1.470407 0.050998 0.017137 -0.980224 0.190439 0.0000051005 0.0000006023 -0.0000426416 0.0000006040 -0.0000056933 0.0003981744 0.0038421914 0.0007974375 0.0000194084 0.0031021685 -0.0000066407 0.0025477325
1706797425.96019 1.079152 -1.794547 1.470712 0.049290 0.014853 -0.981147 0.186282 0.0000047211 0.0000004261 -0.0000409261 0.0000005671 -0.0000042087 0.0003985914 0.0038736844 0.0007801506 0.0000191137 0.0030692713 -0.0000066572 0.0025479194
1706797426.02688 1.040720 -1.817642 1.470682 0.044885 0.011578 -0.981856 0.183878 0.0000039378 0.0000002137 -0.0000369769 0.0000005385 -0.0000023636 0.0003994159 0.0039069926 0.0007623406 0.0000188435 0.0030373192 -0.0000066810 0.0025481261
1706797426.09356 1.000804 -1.840459 1.469459 0.037451 0.008866 -0.982192 0.183897 0.0000028744 0.0000000787 -0.0000308295 0.0000005271 -0.0000011131 0.0004004882 0.0039405159 0.0007433435 0.0000184641 0.0030059922 -0.0000067354 0.0025482779
1706797426.16027 0.961590 -1.863124 1.467990 0.031126 0.006547 -0.982288 0.184658 0.0000021166 0.0000000098 -0.0000255122 0.0000005253 -0.0000002815 0.0004012542 0.0039737395 0.0007226236 0.0000181089 0.0029751256 -0.0000067756 0.0025484509
1706797426.22697 0.921491 -1.885042 1.466275 0.037961 0.007513 -0.982196 0.183830 0.0000028961 0.0000000008 -0.0000310174 0.0000005272 -0.0000001247 0.0004004840 0.0040075825 0.0007012510 0.0000178086 0.0029456275 -0.0000067715 0.0025485875
1706797426.29365 0.881537 -1.905948 1.464394 0.039380 0.007404 -0.982074 0.184185 0.0000030673 -0.0000000232 -0.0000320998 0.0000005299 0.0000001668 0.0004003265 0.0040399261 0.0006789761 0.0000175121 0.0029176871 -0.0000067683 0.0025487006
1706797426.36034 0.841584 -1.926863 1.463417 0.038991 0.006931 -0.981999 0.184688 0.0000030074 -0.0000000512 -0.0000317406 0.0000005325 0.0000005038 0.0004003971 0.0040713253 0.0006557660 0.0000171997 0.0028910614 -0.0000067803 0.0025488001
1706797426.42703 0.801234 -1.947154 1.463274 0.042951 0.006393 -0.981757 0.185114 0.0000035216 -0.0000001474 -0.0000348145 0.0000005405 0.0000015436 0.0003998909 0.0041033691 0.0006315058 0.0000169040 0.0028653546 -0.0000068089 0.0025488767
1706797426.49372 0.760182 -1.967028 1.463747 0.044327 0.004632 -0.981775 0.184750 0.0000036525 -0.0000002857 -0.0000355817 0.0000005595 0.0000030292 0.0003997500 0.0041343987 0.0006061894 0.0000165598 0.0028408156 -0.0000068877 0.0025488994
1706797426.56041 0.718446 -1.986617 1.463850 0.044775 0.005210 -0.981650 0.185286 0.0000037305 -0.0000002617 -0.0000360348 0.0000005574 0.0000027218 0.0003996845 0.0041658548 0.0005795335 0.0000162255 0.0028171693 -0.0000069638 0.0025489445
1706797426.62709 0.676785 -2.005529 1.464194 0.041317 0.004279 -0.981459 0.187117 0.0000032340 -0.0000002617 -0.0000331906 0.0000005624 0.0000029582 0.0004001899 0.0041966275 0.0005519213 0.0000158690 0.0027948427 -0.0000070367 0.0025490130
1706797426.69380 0.634342 -2.023568 1.464976 0.039447 0.002725 -0.981226 0.188764 0.0000029542 -0.0000003259 -0.0000314755 0.0000005795 0.0000039214 0.0004004637 0.0042267086 0.0005234714 0.0000155056 0.0027738827 -0.0000071068 0.0025490878
1706797426.76048 0.591541 -2.040946 1.465747 0.039325 0.003748 -0.980923 0.190342 0.0000029579 -0.0000002694 -0.0000315125 0.0000005664 0.0000031948 0.0004004805 0.0042556531 0.0004936653 0.0000151606 0.0027540335 -0.0000071825 0.0025491243
1706797426.82716 0.548489 -2.057582 1.466523 0.034148 0.000765 -0.980900 0.191489 0.0000022971 -0.0000003413 -0.0000270432 0.0000005962 0.0000047793 0.0004011140 0.0042828361 0.0004626223 0.0000147618 0.0027353582 -0.0000072687 0.0025491110
1706797426.89383 0.504944 -2.074045 1.468653 0.034896 -0.002845 -0.981608 0.187671 0.0000023070 -0.0000005400 -0.0000271407 0.0000006830 0.0000076487 0.0004010207 0.0043098089 0.0004305453 0.0000143949 0.0027179762 -0.0000073729 0.0025491241
1706797426.96053 0.461617 -2.090218 1.472027 0.039257 -0.000831 -0.982593 0.181577 0.0000028412 -0.0000005212 -0.0000308176 0.0000006410 0.0000064583 0.0004005372 0.0043372114 0.0003977533 0.0000140616 0.0027021220 -0.0000075323 0.0025491854
1706797427.02721 0.418397 -2.105270 1.475623 0.041829 -0.002508 -0.983759 0.174536 0.0000031376 -0.0000006756 -0.0000326777 0.0000006946 0.0000079621 0.0004001956 0.0043632101 0.0003643105 0.0000137427 0.0026877520 -0.0000077050 0.0025492291
1706797427.09389 0.374174 -2.119794 1.478996 0.038621 -0.003678 -0.985215 0.166871 0.0000027282 -0.0000006357 -0.0000301012 0.0000006991 0.0000081177 0.0004006063 0.0043880152 0.0003305362 0.0000134070 0.0026750067 -0.0000078900 0.0025492501
1706797427.16058 0.329865 -2.132769 1.481326 0.035511 -0.005802 -0.986931 0.157076 0.0000023452 -0.0000006610 -0.0000274754 0.0000007441 0.0000092470 0.0004009470 0.0044114067 0.0002946619 0.0000130635 0.0026631869 -0.0000080789 0.0025492394
1706797427.22727 0.284639 -2.145513 1.483908 0.039798 -0.004874 -0.988705 0.144412 0.0000028726 -0.0000006964 -0.0000310691 0.0000007125 0.0000086173 0.0004004567 0.0044327661 0.0002580294 0.0000127547 0.0026528953 -0.0000082559 0.0025492407
1706797427.29397 0.239689 -2.154410 1.485829 0.040443 -0.006859 -0.990368 0.132243 0.0000029377 -0.0000007982 -0.0000314922 0.0000007657 0.0000097945 0.0004003464 0.0044534395 0.0002206684 0.0000124355 0.0026442894 -0.0000084709 0.0025493069
1706797427.36066 0.193804 -2.163873 1.487437 0.039363 -0.006459 -0.991906 0.120546 0.0000028312 -0.0000007202 -0.0000308005 0.0000007324 0.0000090412 0.0004005058 0.0044679582 0.0001824677 0.0000120792 0.0026373884 -0.0000087495 0.0025494762
1706797427.42736 0.148401 -2.172521 1.488254 0.032937 -0.007108 -0.993443 0.109252 0.0000021116 -0.0000005797 -0.0000257277 0.0000007193 0.0000087021 0.0004012561 0.0044835999 0.0001433620 0.0000117309 0.0026320408 -0.0000090022 0.0025496396
1706797427.49402 0.102420 -2.180411 1.489650 0.031836 -0.008479 -0.994991 0.094382 0.0000020111 -0.0000005973 -0.0000249530 0.0000007468 0.0000092691 0.0004013465 0.0044978806 0.0001042638 0.0000114073 0.0026283107 -0.0000092558 0.0025498425
1706797427.56072 0.057107 -2.186643 1.491770 0.036264 -0.008659 -0.996243 0.078161 0.0000024949 -0.0000006800 -0.0000285387 0.0000007519 0.0000092381 0.0004008871 0.0045110718 0.0000646530 0.0000110790 0.0026262280 -0.0000095039 0.0025500918
1706797427.62741 0.013913 -2.189876 1.493171 0.037151 -0.010616 -0.997330 0.061972 0.0000026115 -0.0000007787 -0.0000293269 0.0000008100 0.0000103246 0.0004007384 0.0045212581 0.0000258475 0.0000107689 0.0026257452 -0.0000097238 0.0025503472
1706797427.69410 -0.029197 -2.192633 1.492754 0.033878 -0.010655 -0.998313 0.045932 0.0000022767 -0.0000006789 -0.0000269449 0.0000007857 0.0000097691 0.0004011231 0.0045263239 -0.0000112696 0.0000104819 0.0026268861 -0.0000098762 0.0025505889
1706797427.76080 -0.071973 -2.193747 1.491335 0.028172 -0.012763 -0.999071 0.030007 0.0000017100 -0.0000006341 -0.0000223566 0.0000008510 0.0000109867 0.0004016466 0.0045295616 -0.0000480410 0.0000101822 0.0026292698 -0.0000099976 0.0025508134
1706797427.82750 -0.112796 -2.193435 1.490315 0.030923 -0.012934 -0.999354 0.012938 0.0000020007 -0.0000006849 -0.0000248059 0.0000008385 0.0000106952 0.0004013937 0.0045307607 -0.0000850817 0.0000099468 0.0026331066 -0.0000100725 0.0025510618
1706797427.89422 -0.151908 -2.190197 1.489272 -0.032106 0.014388 0.999366 0.005384 0.0000021455 -0.0000007587 -0.0000259340 0.0000008791 0.0000113576 0.0004012391 0.0045288378 -0.0001199820 0.0000097612 0.0026379705 -0.0000100367 0.0025513411
1706797427.96091 -0.191966 -2.187635 1.488550 -0.035716 0.014079 0.998989 0.023380 0.0000025775 -0.0000007898 -0.0000290399 0.0000008396 0.0000105617 0.0004008795 0.0045216630 -0.0001533139 0.0000096046 0.0026437411 -0.0000099786 0.0025516302
1706797428.02759 -0.231314 -2.183956 1.486955 -0.034273 0.014471 0.998503 0.040096 0.0000024327 -0.0000007541 -0.0000280134 0.0000008369 0.0000104713 0.0004010568 0.0045156104 -0.0001870564 0.0000094309 0.0026506832 -0.0000098939 0.0025518695
1706797428.09429 -0.270284 -2.179204 1.485176 -0.035515 0.014543 0.997606 0.057533 0.0000025993 -0.0000007514 -0.0000291631 0.0000008168 0.0000100321 0.0004009401 0.0045077722 -0.0002203502 0.0000092850 0.0026588101 -0.0000098005 0.0025521538
1706797428.16098 -0.309177 -2.173864 1.483784 -0.036349 0.014314 0.996449 0.074584 0.0000027229 -0.0000007122 -0.0000299865 0.0000007813 0.0000092632 0.0004008808 0.0044979870 -0.0002531321 0.0000091429 0.0026679440 -0.0000096845 0.0025524517
1706797428.22767 -0.347263 -2.167320 1.482900 -0.033776 0.014224 0.995269 0.089976 0.0000024464 -0.0000006377 -0.0000280816 0.0000007661 0.0000088722 0.0004012030 0.0044879188 -0.0002852268 0.0000089342 0.0026782413 -0.0000096016 0.0025527750
1706797428.29438 -0.385340 -2.159084 1.482385 -0.036782 0.014884 0.993666 0.105140 0.0000028143 -0.0000006798 -0.0000305916 0.0000007611 0.0000087373 0.0004008676 0.0044752397 -0.0003166847 0.0000087795 0.0026894809 -0.0000094549 0.0025530544
1706797428.36108 -0.424578 -2.150304 1.481743 -0.038406 0.014185 0.991975 0.119619 0.0000030129 -0.0000006172 -0.0000318892 0.0000007159 0.0000076495 0.0004007371 0.0044599708 -0.0003474274 0.0000086467 0.0027014035 -0.0000092396 0.0025533052
1706797428.42777 -0.462646 -2.139383 1.480379 -0.041446 0.013100 0.990048 0.133853 0.0000034186 -0.0000005239 -0.0000343225 0.0000006632 0.0000060279 0.0004004176 0.0044438206 -0.0003792114 0.0000085077 0.0027153570 -0.0000090951 0.0025536048
1706797428.49446 -0.499861 -2.128057 1.478953 -0.042042 0.012789 0.988150 0.147065 0.0000035141 -0.0000004613 -0.0000348570 0.0000006455 0.0000052214 0.0004003803 0.0044244263 -0.0004089749 0.0000083820 0.0027298987 -0.0000089778 0.0025539335
1706797428.56117 -0.537162 -2.116620 1.478702 -0.040386 0.011909 0.986320 0.159377 0.0000032890 -0.0000003618 -0.0000335278 0.0000006289 0.0000042303 0.0004006691 0.0044048773 -0.0004377367 0.0000081965 0.0027451938 -0.0000088763 0.0025542811
1706797428.62789 -0.573778 -2.104351 1.478082 -0.042198 0.011844 0.984126 0.171974 0.0000035481 -0.0000003130 -0.0000350191 0.0000006204 0.0000034971 0.0004004620 0.0043849585 -0.0004666259 0.0000080391 0.0027618148 -0.0000087214 0.0025545539
1706797428.69460 -0.613536 -2.090664 1.475751 -0.041854 0.011390 0.982115 0.183219 0.0000034839 -0.0000002325 -0.0000346679 0.0000006096 0.0000025815 0.0004005725 0.0043635608 -0.0004940240 0.0000077575 0.0027787353 -0.0000085557 0.0025547571
1706797428.76131 -0.650908 -2.076194 1.475472 -0.039557 0.011201 0.980150 0.193950 0.0000031818 -0.0000002169 -0.0000329004 0.0000006110 0.0000025196 0.0004009101 0.0043401179 -0.0005232948 0.0000075090 0.0027985267 -0.0000083610 0.0025550154
1706797428.82802 -0.687817 -2.059879 1.474829 -0.041527 0.010926 0.977964 0.204309 0.0000034409 -0.0000001493 -0.0000344172 0.0000006046 0.0000015966 0.0004007011 0.0043158174 -0.0005500272 0.0000073191 0.0028184606 -0.0000081857 0.0025553113
1706797428.89472 -0.724731 -2.042569 1.473794 -0.039684 0.009214 0.976112 0.213414 0.0000031536 -0.0000000325 -0.0000327013 0.0000006009 0.0000002302 0.0004010355 0.0042891753 -0.0005750751 0.0000071241 0.0028388996 -0.0000079899 0.0025555989
1706797428.96145 -0.761167 -2.025103 1.473234 -0.035527 0.008604 0.974436 0.221672 0.0000026365 -0.0000000329 -0.0000293843 0.0000006023 0.0000002426 0.0004015907 0.0042610201 -0.0005993950 0.0000068775 0.0028604720 -0.0000077966 0.0025559029
1706797429.02818 -0.797482 -2.006352 1.472880 -0.039601 0.009464 0.971879 0.231936 0.0000031430 -0.0000000001 -0.0000326606 0.0000005989 -0.0000002334 0.0004011168 0.0042317881 -0.0006231941 0.0000066370 0.0028831171 -0.0000075852 0.0025561781
1706797429.09490 -0.832808 -1.988509 1.472999 -0.041233 0.009285 0.969471 0.241535 0.0000033544 0.0000000568 -0.0000339384 0.0000005984 -0.0000009118 0.0004009391 0.0042020473 -0.0006454214 0.0000064314 0.0029061908 -0.0000073671 0.0025564379
1706797429.16161 -0.869264 -1.969945 1.472196 -0.042945 0.008807 0.967412 0.249383 0.0000035726 0.0000001337 -0.0000351463 0.0000006096 -0.0000017919 0.0004007601 0.0041734235 -0.0006669965 0.0000061723 0.0029299955 -0.0000071428 0.0025567197
1706797429.22831 -0.906808 -1.950805 1.470374 -0.041124 0.010156 0.965735 0.256050 0.0000033504 0.0000000245 -0.0000339569 0.0000005965 -0.0000006000 0.0004010067 0.0041437211 -0.0006885253 0.0000057994 0.0029553057 -0.0000069528 0.0025569064
1706797429.29504 -0.942612 -1.930065 1.469835 -0.041846 0.010911 0.963776 0.263185 0.0000034974 0.0000000101 -0.0000347790 0.0000005992 -0.0000004599 0.0004009024 0.0041144714 -0.0007104903 0.0000055310 0.0029831168 -0.0000067129 0.0025571585
1706797429.36174 -0.979233 -1.909330 1.468052 -0.042199 0.010455 0.961841 0.270134 0.0000035546 0.0000000538 -0.0000350764 0.0000006001 -0.0000010172 0.0004008827 0.0040822713 -0.0007296429 0.0000052106 0.0030104788 -0.0000064809 0.0025573580
1706797429.42845 -1.015370 -1.887372 1.466069 -0.038175 0.010641 0.959926 0.277438 0.0000030222 -0.0000000198 -0.0000319085 0.0000005975 -0.0000002216 0.0004014552 0.0040509893 -0.0007485308 0.0000048881 0.0030392610 -0.0000062246 0.0025575511
1706797429.49518 -1.051789 -1.865811 1.464050 -0.036175 0.010807 0.957394 0.286307 0.0000027815 -0.0000000414 -0.0000303929 0.0000005927 0.0000000127 0.0004017267 0.0040177214 -0.0007661671 0.0000046104 0.0030690180 -0.0000059685 0.0025577532
1706797429.56195 -1.087029 -1.844313 1.462849 -0.037677 0.012766 0.954140 0.296707 0.0000030434 -0.0000001119 -0.0000320306 0.0000005932 0.0000008371 0.0004015052 0.0039857245 -0.0007838418 0.0000043153 0.0031004222 -0.0000057154 0.0025579284
1706797429.62873 -1.123744 -1.823329 1.462338 -0.039339 0.015641 0.950207 0.308732 0.0000033728 -0.0000002379 -0.0000339936 0.0000006008 0.0000022178 0.0004012053 0.0039551690 -0.0007998529 0.0000040339 0.0031311560 -0.0000054556 0.0025581044
1706797429.69550 -1.160205 -1.802207 1.461330 -0.039815 0.017059 0.946489 0.319816 0.0000034927 -0.0000002915 -0.0000347122 0.0000006010 0.0000027730 0.0004011103 0.0039254045 -0.0008166925 0.0000037619 0.0031644252 -0.0000052036 0.0025582491
1706797429.76228 -1.196445 -1.780843 1.459853 -0.037023 0.017881 0.942527 0.331592 0.0000031756 -0.0000003676 -0.0000328617 0.0000006105 0.0000037886 0.0004014411 0.0038954424 -0.0008324341 0.0000034502 0.0031984425 -0.0000049546 0.0025583678
1706797429.82906 -1.232336 -1.758275 1.457708 -0.038094 0.019659 0.937815 0.344479 0.0000033977 -0.0000004330 -0.0000341844 0.0000006179 0.0000043678 0.0004012421 0.0038654973 -0.0008475466 0.0000030972 0.0032338608 -0.0000047310 0.0025585886
1706797429.89585 -1.267837 -1.735339 1.456579 -0.037813 0.021521 0.932409 0.358776 0.0000034648 -0.0000005172 -0.0000345694 0.0000006353 0.0000052639 0.0004011910 0.0038342029 -0.0008610292 0.0000027660 0.0032696718 -0.0000045054 0.0025587722
1706797429.96263 -1.302558 -1.711980 1.455424 -0.037842 0.023438 0.927011 0.372384 0.0000035754 -0.0000006038 -0.0000352044 0.0000006559 0.0000061281 0.0004010916 0.0038027853 -0.0008733397 0.0000024123 0.0033059862 -0.0000043040 0.0025589824
1706797430.02941 -1.336382 -1.688426 1.454314 -0.037184 0.024708 0.922115 0.384331 0.0000035903 -0.0000006819 -0.0000352939 0.0000006824 0.0000070072 0.0004010839 0.0037708880 -0.0008840310 0.0000020812 0.0033422447 -0.0000041200 0.0025591987
1706797430.09619 -1.369613 -1.664477 1.453109 -0.036643 0.025380 0.916940 0.396529 0.0000035832 -0.0000006955 -0.0000352288 0.0000006884 0.0000071782 0.0004011286 0.0037395916 -0.0008935437 0.0000017196 0.0033786117 -0.0000039420 0.0025594452
1706797430.16298 -1.402496 -1.639517 1.452018 -0.036115 0.025629 0.912270 0.407187 0.0000035303 -0.0000006783 -0.0000349213 0.0000006837 0.0000070577 0.0004012274 0.0037085612 -0.0009018434 0.0000013814 0.0034149770 -0.0000037481 0.0025596932
1706797430.22976 -1.434653 -1.613829 1.451314 -0.034799 0.024267 0.908296 0.416171 0.0000033004 -0.0000005782 -0.0000335921 0.0000006513 0.0000061623 0.0004015248 0.0036766402 -0.0009088087 0.0000010676 0.0034519012 -0.0000035787 0.0025598905
1706797430.29654 -1.464571 -1.586913 1.450927 -0.030113 0.022491 0.905368 0.422961 0.0000026839 -0.0000005118 -0.0000297049 0.0000006473 0.0000061098 0.0004021830 0.0036444368 -0.0009140462 0.0000007219 0.0034884119 -0.0000033959 0.0025600879
1706797430.36332 -1.493506 -1.559436 1.450535 -0.026070 0.021088 0.902455 0.429477 0.0000022145 -0.0000004715 -0.0000263608 0.0000006519 0.0000063042 0.0004026861 0.0036108537 -0.0009161688 0.0000003963 0.0035226700 -0.0000031893 0.0025603116
1706797430.43011 -1.522264 -1.531030 1.450417 -0.032106 0.022527 0.898218 0.437798 0.0000029043 -0.0000004397 -0.0000311666 0.0000006073 0.0000049043 0.0004020716 0.0035771688 -0.0009172269 0.0000001883 0.0035571907 -0.0000030308 0.0025604875
1706797430.49691 -1.549671 -1.503302 1.451142 -0.034514 0.025247 0.894274 0.445471 0.0000033527 -0.0000005455 -0.0000339150 0.0000006253 0.0000057581 0.0004016380 0.0035432934 -0.0009168134 0.0000000094 0.0035913451 -0.0000028738 0.0025606724
1706797430.56359 -1.577995 -1.473070 1.451733 -0.036584 0.026451 0.890572 0.452596 0.0000036985 -0.0000005578 -0.0000359140 0.0000006136 0.0000055804 0.0004013268 0.0035096462 -0.0009152854 -0.0000001112 0.0036250788 -0.0000027103 0.0025608007
1706797430.63027 -1.603109 -1.442952 1.451294 -0.037063 0.027687 0.886694 0.460036 0.0000038504 -0.0000005994 -0.0000367642 0.0000006191 0.0000059157 0.0004011981 0.0034738004 -0.0009119217 -0.0000003150 0.0036605604 -0.0000025755 0.0025609945
1706797430.69695 -1.629105 -1.412270 1.451191 -0.037065 0.028502 0.883006 0.467026 0.0000038876 -0.0000006288 -0.0000369931 0.0000006213 0.0000062058 0.0004011812 0.0034391607 -0.0009064153 -0.0000004788 0.0036923855 -0.0000024455 0.0025611714
1706797430.76360 -1.654978 -1.380606 1.450499 -0.034594 0.026786 0.879985 0.472982 0.0000034747 -0.0000005579 -0.0000347251 0.0000005993 0.0000057855 0.0004016313 0.0034049021 -0.0009004897 -0.0000006961 0.0037258153 -0.0000023243 0.0025613139
1706797430.83027 -1.679433 -1.348261 1.448797 -0.029471 0.023191 0.877765 0.477621 0.0000026798 -0.0000004302 -0.0000298447 0.0000005734 0.0000050518 0.0004024733 0.0033704758 -0.0008932285 -0.0000009395 0.0037594740 -0.0000021942 0.0025614662
1706797430.89694 -1.702243 -1.315986 1.447687 -0.029232 0.023292 0.873689 0.485046 0.0000026702 -0.0000004285 -0.0000298765 0.0000005619 0.0000050234 0.0004024920 0.0033350067 -0.0008836584 -0.0000012015 0.0037916804 -0.0000020433 0.0025615775
1706797430.96362 -1.725244 -1.283179 1.447789 -0.033643 0.024544 0.869446 0.492269 0.0000032242 -0.0000003716 -0.0000333612 0.0000005296 0.0000038215 0.0004019963 0.0033016391 -0.0008734193 -0.0000013442 0.0038224691 -0.0000019070 0.0025617216
1706797431.03030 -1.747489 -1.249903 1.447117 -0.035086 0.025370 0.866167 0.497875 0.0000034683 -0.0000003673 -0.0000347665 0.0000005209 0.0000036266 0.0004017884 0.0032688918 -0.0008624636 -0.0000014763 0.0038537237 -0.0000017690 0.0025618731
1706797431.09696 -1.767577 -1.216669 1.445469 -0.033721 0.024193 0.863278 0.503019 0.0000032366 -0.0000003281 -0.0000334211 0.0000005070 0.0000033019 0.0004020470 0.0032363206 -0.0008500668 -0.0000016210 0.0038841701 -0.0000016264 0.0025619957
1706797431.16364 -1.788277 -1.183584 1.445416 -0.031271 0.023735 0.860397 0.508109 0.0000029323 -0.0000003462 -0.0000315465 0.0000005104 0.0000037509 0.0004023707 0.0032049175 -0.0008363758 -0.0000017807 0.0039120779 -0.0000014765 0.0025621453
1706797431.23032 -1.808705 -1.149688 1.445496 -0.033910 0.025365 0.857538 0.512675 0.0000033479 -0.0000003499 -0.0000340715 0.0000005016 0.0000035397 0.0004019840 0.0031743271 -0.0008225987 -0.0000019173 0.0039418442 -0.0000013180 0.0025622812
1706797431.29699 -1.828575 -1.115449 1.445579 -0.030460 0.025384 0.855160 0.516846 0.0000029621 -0.0000004308 -0.0000317155 0.0000005245 0.0000048441 0.0004023668 0.0031443105 -0.0008075728 -0.0000020722 0.0039705417 -0.0000011701 0.0025624291
1706797431.36367 -1.847570 -1.081317 1.445907 -0.029033 0.024152 0.852055 0.522088 0.0000027377 -0.0000003780 -0.0000302858 0.0000005076 0.0000044021 0.0004026182 0.0031140691 -0.0007911838 -0.0000022384 0.0039989477 -0.0000010096 0.0025625658
1706797431.43035 -1.865857 -1.046368 1.446390 -0.031638 0.025988 0.848681 0.527318 0.0000031437 -0.0000004013 -0.0000328330 0.0000005032 0.0000043556 0.0004022368 0.0030854624 -0.0007742423 -0.0000023740 0.0040264806 -0.0000008472 0.0025627301
1706797431.49702 -1.882717 -1.011940 1.447125 -0.031121 0.027671 0.844876 0.533339 0.0000032222 -0.0000004978 -0.0000333190 0.0000005248 0.0000054408 0.0004021447 0.0030568065 -0.0007557066 -0.0000025288 0.0040526394 -0.0000006576 0.0025628904
1706797431.56372 -1.899102 -0.976390 1.447676 -0.033263 0.028357 0.840540 0.539983 0.0000035222 -0.0000004602 -0.0000350450 0.0000005056 0.0000047529 0.0004018857 0.0030297204 -0.0007366358 -0.0000026425 0.0040776226 -0.0000004545 0.0025630893
1706797431.63041 -1.915190 -0.940763 1.448264 -0.030600 0.028091 0.836690 0.546099 0.0000031954 -0.0000004985 -0.0000331276 0.0000005226 0.0000055184 0.0004022114 0.0030029230 -0.0007161634 -0.0000027702 0.0041015294 -0.0000002361 0.0025632779
1706797431.69711 -1.930578 -0.904896 1.449021 -0.030645 0.029695 0.832269 0.552728 0.0000033247 -0.0000005758 -0.0000339313 0.0000005429 0.0000063126 0.0004020673 0.0029760091 -0.0006944746 -0.0000029542 0.0041254056 0.0000000649 0.0025634169
1706797431.76380 -1.945502 -0.868653 1.449364 -0.031551 0.030857 0.827300 0.560025 0.0000035318 -0.0000006013 -0.0000351062 0.0000005442 0.0000064073 0.0004018779 0.0029507706 -0.0006724378 -0.0000030286 0.0041485196 0.0000003129 0.0025635929
1706797431.83050 -1.959416 -0.832330 1.449776 -0.031084 0.033195 0.821548 0.568322 0.0000036822 -0.0000007373 -0.0000359323 0.0000005909 0.0000077876 0.0004016979 0.0029263073 -0.0006495211 -0.0000030868 0.0041707211 0.0000005854 0.0025637575
1706797431.89719 -1.970618 -0.796141 1.449759 -0.030468 0.035023 0.816292 0.575772 0.0000037798 -0.0000008574 -0.0000364992 0.0000006365 0.0000090036 0.0004015583 0.0029017876 -0.0006249519 -0.0000031514 0.0041911352 0.0000008945 0.0025638830
1706797431.96388 -1.983176 -0.758094 1.449184 -0.027679 0.034978 0.810057 0.584652 0.0000034685 -0.0000009010 -0.0000347311 0.0000006811 0.0000099732 0.0004018460 0.0028791481 -0.0005997955 -0.0000031779 0.0042072684 0.0000011658 0.0025640440
1706797432.03058 -1.995941 -0.718731 1.448572 -0.028830 0.034130 0.802054 0.595579 0.0000035502 -0.0000007773 -0.0000351843 0.0000006081 0.0000084427 0.0004018556 0.0028560063 -0.0005728493 -0.0000031932 0.0042266300 0.0000014647 0.0025641886
1706797432.09728 -2.007747 -0.679068 1.447999 -0.027058 0.032770 0.794099 0.606300 0.0000032522 -0.0000006980 -0.0000334347 0.0000005851 0.0000079450 0.0004021968 0.0028336052 -0.0005447615 -0.0000032285 0.0042458124 0.0000017729 0.0025643219
1706797432.16397 -2.019968 -0.639805 1.447252 -0.022967 0.030177 0.786199 0.616809 0.0000026610 -0.0000006213 -0.0000296867 0.0000005813 0.0000079296 0.0004028102 0.0028128474 -0.0005164329 -0.0000033316 0.0042635003 0.0000020809 0.0025644486
1706797432.23067 -2.030791 -0.599697 1.446627 -0.024350 0.032337 0.777534 0.627536 0.0000029696 -0.0000006688 -0.0000316919 0.0000005823 0.0000080412 0.0004025199 0.0027931531 -0.0004877386 -0.0000033752 0.0042820805 0.0000024187 0.0025645346
1706797432.29737 -2.040673 -0.559036 1.444960 -0.024102 0.033628 0.767967 0.639152 0.0000030715 -0.0000007150 -0.0000323189 0.0000005981 0.0000084704 0.0004024298 0.0027746330 -0.0004580600 -0.0000034588 0.0042983637 0.0000027551 0.0025646762
1706797432.36406 -2.049022 -0.518511 1.444095 -0.024915 0.034218 0.758809 0.649936 0.0000032144 -0.0000006854 -0.0000331783 0.0000005743 0.0000079200 0.0004023402 0.0027572056 -0.0004272881 -0.0000033957 0.0043134493 0.0000030498 0.0025648515
1706797432.43076 -2.055014 -0.478159 1.442816 -0.023570 0.033205 0.750459 0.659661 0.0000030093 -0.0000006248 -0.0000319155 0.0000005575 0.0000075108 0.0004025920 0.0027413059 -0.0003963052 -0.0000033263 0.0043259061 0.0000033470 0.0025650249
1706797432.49745 -2.059901 -0.438640 1.442146 -0.023754 0.034329 0.739785 0.671547 0.0000031345 -0.0000006451 -0.0000328088 0.0000005581 0.0000076119 0.0004024677 0.0027252865 -0.0003631249 -0.0000035284 0.0043331101 0.0000037859 0.0025652433
1706797432.56415 -2.064575 -0.398006 1.440750 -0.025027 0.033173 0.729889 0.682302 0.0000031648 -0.0000004968 -0.0000329776 0.0000005011 0.0000058081 0.0004025339 0.0027120508 -0.0003316207 -0.0000035914 0.0043397615 0.0000040781 0.0025655559
1706797432.63085 -2.068606 -0.356293 1.438349 -0.026025 0.032545 0.720626 0.692070 0.0000032185 -0.0000003858 -0.0000332951 0.0000004701 0.0000044505 0.0004025483 0.0026995697 -0.0002988507 -0.0000036281 0.0043461917 0.0000043678 0.0025658777
1706797432.69754 -2.071374 -0.314880 1.435772 -0.026510 0.032338 0.712340 0.700587 0.0000032574 -0.0000003229 -0.0000335291 0.0000004594 0.0000037033 0.0004025552 0.0026881263 -0.0002650305 -0.0000036493 0.0043516915 0.0000046596 0.0025662059
1706797432.76424 -2.073654 -0.273119 1.432596 -0.025171 0.030150 0.704956 0.708163 0.0000029399 -0.0000002384 -0.0000315602 0.0000004521 0.0000028999 0.0004029199 0.0026783786 -0.0002313698 -0.0000036740 0.0043556619 0.0000049266 0.0025665696
1706797432.83094 -2.075097 -0.231525 1.429566 -0.021372 0.025464 0.698390 0.714945 0.0000022423 -0.0000001505 -0.0000267702 0.0000004481 0.0000021454 0.0004036575 0.0026699954 -0.0001976637 -0.0000037096 0.0043592185 0.0000051959 0.0025669339
1706797432.89763 -2.076075 -0.189246 1.427084 -0.023116 0.027217 0.689663 0.723250 0.0000025250 -0.0000001337 -0.0000288231 0.0000004502 0.0000017890 0.0004034071 0.0026627858 -0.0001632460 -0.0000037633 0.0043613291 0.0000055061 0.0025673218
1706797432.96432 -2.076301 -0.147100 1.424983 -0.025660 0.027567 0.681546 0.730805 0.0000027520 -0.0000000209 -0.0000304051 0.0000004476 0.0000002280 0.0004032121 0.0026570566 -0.0001290252 -0.0000037203 0.0043633483 0.0000057754 0.0025676755
1706797433.03101 -2.075318 -0.105167 1.423176 -0.027693 0.029128 0.675074 0.736655 0.0000030682 0.0000000411 -0.0000324224 0.0000004545 -0.0000005396 0.0004029246 0.0026527681 -0.0000947736 -0.0000036710 0.0043641955 0.0000060574 0.0025680608
1706797433.09770 -2.077470 -0.061510 1.422127 -0.027295 0.028307 0.669958 0.741357 0.0000029259 0.0000000657 -0.0000316902 0.0000004548 -0.0000008151 0.0004030603 0.0026484238 -0.0000593325 -0.0000037183 0.0043617783 0.0000064821 0.0025682618
1706797433.16440 -2.076479 -0.019292 1.420244 -0.025102 0.025161 0.665023 0.745976 0.0000024627 0.0000001074 -0.0000286377 0.0000004637 -0.0000014746 0.0004035438 0.0026469071 -0.0000234541 -0.0000036848 0.0043665168 0.0000067993 0.0025686115
1706797433.23109 -2.074293 0.023085 1.418524 -0.026389 0.028103 0.658106 0.751937 0.0000028237 0.0000000769 -0.0000310919 0.0000004617 -0.0000009771 0.0004032079 0.0026467021 0.0000119389 -0.0000035524 0.0043650903 0.0000070890 0.0025687708
1706797433.29779 -2.072243 0.065507 1.416918 -0.023744 0.025406 0.651103 0.758193 0.0000023745 0.0000000749 -0.0000280662 0.0000004654 -0.0000010548 0.0004036827 0.0026480756 0.0000465946 -0.0000034686 0.0043622820 0.0000073707 0.0025690452
1706797433.36448 -2.069045 0.107832 1.415501 -0.020852 0.022668 0.643209 0.765071 0.0000019543 0.0000000643 -0.0000249025 0.0000004675 -0.0000010341 0.0004041308 0.0026509619 0.0000813351 -0.0000033639 0.0043592923 0.0000076463 0.0025693458
1706797433.43117 -2.065030 0.150591 1.414496 -0.023020 0.027740 0.631918 0.774196 0.0000025225 0.0000000115 -0.0000291314 0.0000004681 -0.0000001710 0.0004035977 0.0026552685 0.0001161063 -0.0000032265 0.0043542069 0.0000079364 0.0025696892
1706797433.49786 -2.061180 0.193399 1.414335 -0.024014 0.031370 0.620810 0.782965 0.0000029336 -0.0000000592 -0.0000318550 0.0000004695 0.0000006795 0.0004032131 0.0026608737 0.0001506655 -0.0000031243 0.0043473379 0.0000082288 0.0025700931
1706797433.56456 -2.057852 0.236065 1.413977 -0.024188 0.031961 0.610569 0.790948 0.0000030145 -0.0000000464 -0.0000323464 0.0000004727 0.0000005039 0.0004031683 0.0026680153 0.0001850511 -0.0000029884 0.0043413179 0.0000084701 0.0025705137
1706797433.63126 -2.054689 0.278646 1.412984 -0.021896 0.028763 0.602014 0.797667 0.0000025277 -0.0000000091 -0.0000291657 0.0000004768 0.0000000272 0.0004036910 0.0026765354 0.0002189124 -0.0000029385 0.0043368970 0.0000087364 0.0025709636
1706797433.69796 -2.049457 0.320127 1.413085 -0.021827 0.032135 0.592966 0.804290 0.0000028623 -0.0000001152 -0.0000313568 0.0000004864 0.0000013576 0.0004033905 0.0026867653 0.0002531810 -0.0000028445 0.0043317590 0.0000089719 0.0025714583
1706797433.76465 -2.044021 0.361320 1.413824 -0.019639 0.031727 0.585155 0.810063 0.0000026696 -0.0000001827 -0.0000300717 0.0000004996 0.0000022782 0.0004036138 0.0026979392 0.0002854291 -0.0000027756 0.0043235960 0.0000092227 0.0025719455
1706797433.83133 -2.037950 0.401173 1.414290 -0.016535 0.028970 0.578917 0.814704 0.0000022034 -0.0000002026 -0.0000268447 0.0000005063 0.0000028212 0.0004040917 0.0027100028 0.0003174324 -0.0000027948 0.0043144604 0.0000095722 0.0025722483
1706797433.89803 -2.032361 0.442298 1.414899 -0.015867 0.029855 0.572281 0.819360 0.0000022431 -0.0000002491 -0.0000271747 0.0000005162 0.0000034670 0.0004040681 0.0027228560 0.0003478040 -0.0000027408 0.0043042599 0.0000098740 0.0025726035
1706797433.96473 -2.024613 0.480886 1.416048 -0.016201 0.031520 0.565661 0.823876 0.0000024183 -0.0000002832 -0.0000284449 0.0000005220 0.0000037613 0.0004039195 0.0027375498 0.0003786597 -0.0000026694 0.0042954395 0.0000101470 0.0025729639
1706797434.03144 -2.015436 0.519144 1.417737 -0.018663 0.036676 0.557879 0.828901 0.0000031131 -0.0000003610 -0.0000329817 0.0000005294 0.0000041613 0.0004032487 0.0027525809 0.0004071205 -0.0000025660 0.0042825621 0.0000104331 0.0025732799
1706797434.09812 -2.006244 0.556955 1.419276 -0.018240 0.036773 0.549906 0.834217 0.0000030957 -0.0000003636 -0.0000328906 0.0000005242 0.0000041501 0.0004032944 0.0027684449 0.0004347363 -0.0000024857 0.0042670662 0.0000107298 0.0025735936
1706797434.16481 -1.996082 0.595022 1.420443 -0.017272 0.036274 0.539919 0.840758 0.0000029903 -0.0000003703 -0.0000322228 0.0000005280 0.0000042954 0.0004034369 0.0027856243 0.0004621027 -0.0000023703 0.0042520839 0.0000110133 0.0025740401
1706797434.23150 -1.985424 0.633770 1.422314 -0.020507 0.039431 0.526974 0.848718 0.0000035954 -0.0000002820 -0.0000357731 0.0000005022 0.0000028599 0.0004028966 0.0028043537 0.0004898537 -0.0000022502 0.0042351459 0.0000112869 0.0025744977
1706797434.29820 -1.972862 0.671684 1.423567 -0.020625 0.040184 0.513183 0.857090 0.0000037055 -0.0000002551 -0.0000363686 0.0000004977 0.0000025042 0.0004028300 0.0028243527 0.0005176302 -0.0000022545 0.0042173912 0.0000116851 0.0025748713
1706797434.36489 -1.958221 0.709609 1.423240 -0.021085 0.040234 0.499162 0.865317 0.0000037650 -0.0000001705 -0.0000367133 0.0000004868 0.0000015606 0.0004028139 0.0028453381 0.0005442672 -0.0000021454 0.0041967663 0.0000120265 0.0025752733
1706797434.43158 -1.944159 0.750541 1.424228 -0.019516 0.039622 0.486155 0.872756 0.0000035579 -0.0000002019 -0.0000355797 0.0000004901 0.0000019834 0.0004030531 0.0028671851 0.0005698420 -0.0000020058 0.0041730558 0.0000124239 0.0025756529
1706797434.49827 -1.927392 0.790019 1.425127 -0.018785 0.037598 0.471994 0.880599 0.0000032939 -0.0000001276 -0.0000340340 0.0000004866 0.0000011732 0.0004033722 0.0028927289 0.0005977421 -0.0000019013 0.0041513193 0.0000128183 0.0025761020
1706797434.56496 -1.909878 0.829905 1.425924 -0.017625 0.037410 0.458108 0.887934 0.0000032051 -0.0000001391 -0.0000334749 0.0000004890 0.0000013199 0.0004035090 0.0029184571 0.0006229403 -0.0000018002 0.0041253118 0.0000132304 0.0025765422
1706797434.63165 -1.891017 0.868962 1.426476 -0.014779 0.034081 0.446074 0.894225 0.0000026704 -0.0000001524 -0.0000300733 0.0000004917 0.0000016563 0.0004040887 0.0029453194 0.0006474890 -0.0000017162 0.0040993941 0.0000136607 0.0025769571
1706797434.69833 -1.871693 0.908903 1.427386 -0.010373 0.029365 0.436277 0.899274 0.0000019762 -0.0000002047 -0.0000250643 0.0000005030 0.0000029068 0.0004048024 0.0029722571 0.0006701408 -0.0000015173 0.0040711190 0.0000140744 0.0025773984
1706797434.76502 -1.852147 0.948597 1.429014 -0.008631 0.027190 0.425682 0.904423 0.0000017241 -0.0000002001 -0.0000229471 0.0000005047 0.0000031196 0.0004050934 0.0030012258 0.0006925002 -0.0000013424 0.0040427489 0.0000144638 0.0025778531
1706797434.83170 -1.831078 0.985898 1.430034 -0.011220 0.032057 0.414073 0.909610 0.0000022824 -0.0000001969 -0.0000274489 0.0000004941 0.0000025582 0.0004045744 0.0030316218 0.0007142651 -0.0000011416 0.0040129517 0.0000148870 0.0025782617
1706797434.89839 -1.808936 1.022963 1.430767 -0.012482 0.034622 0.404553 0.913774 0.0000026165 -0.0000001785 -0.0000297825 0.0000004877 0.0000021376 0.0004042884 0.0030606556 0.0007325793 -0.0000008877 0.0039829479 0.0000152040 0.0025786894
1706797434.96506 -1.785712 1.058665 1.431132 -0.011981 0.034370 0.398569 0.916416 0.0000025709 -0.0000001815 -0.0000294566 0.0000004886 0.0000022448 0.0004043750 0.0030904414 0.0007495863 -0.0000006455 0.0039519335 0.0000155162 0.0025790855
1706797435.03172 -1.760914 1.092610 1.432274 -0.011187 0.030762 0.395414 0.917920 0.0000021555 -0.0000001185 -0.0000264917 0.0000004785 0.0000015835 0.0004048183 0.0031197526 0.0007646848 -0.0000006874 0.0039184825 0.0000159712 0.0025792383
1706797435.09841 -1.735566 1.125388 1.431944 -0.012831 0.032049 0.391885 0.919366 0.0000023587 -0.0000000676 -0.0000280258 0.0000004722 0.0000008041 0.0004046466 0.0031489156 0.0007770538 -0.0000005574 0.0038835798 0.0000162518 0.0025795357
1706797435.16509 -1.710776 1.158636 1.431553 -0.015020 0.036196 0.389171 0.920331 0.0000029184 -0.0000000399 -0.0000317757 0.0000004714 0.0000003647 0.0004041195 0.0031775872 0.0007876457 -0.0000004533 0.0038494305 0.0000164972 0.0025798201
1706797435.23177 -1.685320 1.192133 1.431514 -0.015261 0.039948 0.388083 0.920632 0.0000033805 -0.0000001175 -0.0000345803 0.0000004728 0.0000012280 0.0004036744 0.0032077390 0.0007982407 -0.0000003714 0.0038151838 0.0000167313 0.0025800406
1706797435.29845 -1.659593 1.224125 1.432128 -0.015268 0.040558 0.388632 0.920373 0.0000034705 -0.0000001476 -0.0000350737 0.0000004760 0.0000015369 0.0004036121 0.0032391801 0.0008080865 -0.0000002965 0.0037819098 0.0000170050 0.0025803019
1706797435.36512 -1.633517 1.255551 1.432434 -0.013602 0.039276 0.386915 0.921178 0.0000032178 -0.0000002113 -0.0000336104 0.0000004809 0.0000023106 0.0004038777 0.0032701602 0.0008160703 -0.0000002428 0.0037478701 0.0000172829 0.0025805393
1706797435.43181 -1.605958 1.286361 1.434302 -0.015090 0.042272 0.381773 0.923166 0.0000036880 -0.0000001955 -0.0000363019 0.0000004748 0.0000019194 0.0004034399 0.0033018581 0.0008230717 -0.0000001674 0.0037132938 0.0000175527 0.0025807043
1706797435.49850 -1.577381 1.317908 1.436443 -0.014790 0.043140 0.375749 0.925599 0.0000037863 -0.0000002255 -0.0000368610 0.0000004722 0.0000021861 0.0004033576 0.0033333352 0.0008282007 -0.0000001616 0.0036771233 0.0000178684 0.0025808615
